Title,Date,Title_Translated,Sentiment_Score
"BACK STORY; Trump's old-energy plan nears a crucial juncture; As his administration's fossil-fuel 'dominance' policy founders, a decision on whether to impose solar panel tariffs looms as pivotal",2018-01-11,배경 이야기; 트럼프의 오래된 에너지 계획은 중요한 시점에 가까워지고 있습니다; 그의 행정부의 화석 연료 '지배력' 정책 수립자로서 태양광 패널 관세 부과 여부에 대한 결정이 중요하게 다가오고 있습니다,0.9716747403144836
Trump signs bill squashing Obama-era financial rule for fossil fuels,2017-02-14,"트럼프, 화석 연료에 대한 오바마 시대의 금융 규칙을 무너뜨리는 법안 서명",-0.9908954501152039
Trump Stresses Fossil Fuel Agenda In Energy Policy Speech,2016-09-23,"트럼프, 에너지 정책 연설에서 화석 연료 의제 강조",-0.9649247527122498
Trump's energy policy perils; His embrace of fossil fuels and plans to undo the steps by Obama put the environment at risk.,2016-11-22,"트럼프의 에너지 정책은 위험에 처해 있으며, 화석 연료에 대한 그의 포용과 오바마의 조치를 되돌리려는 계획은 환경을 위험에 빠뜨립니다.",0.9865347743034363
"Foolish & costly; Moves by universities, municipalities and individuals to divest equities in fossil fuels, especially after President Trump announced the U.S. withdrawal from the Paris climate agreement, often amount to cutting off one's nose",2017-06-29,"어리석고 비용이 많이 듭니다; 특히 트럼프 대통령이 파리 기후 협정에서 미국의 탈퇴를 발표한 후 대학, 지방 자치 단체 및 개인이 화석 연료에 대한 주식을 매각하려는 움직임은 종종 코를 자르는 것과 같습니다",-0.998989999294281
Trump's gift to coal industry sets bad policy,2018-08-23,석탄 산업에 대한 트럼프의 선물은 나쁜 정책을 세웁니다,-0.9950195550918579
Trump rebuffs coal industry's push to invoke emergency order,2017-08-23,"트럼프, 석탄 산업의 긴급 명령 발동 추진을 거부하다",-0.8590788841247559
Trump: Blame green policy,2014-09-20,트럼프: 친환경 정책 탓,-0.9911457896232605
"TRUMP EASES OIL DRILLING RULES: The order, crafted to create high-paying jobs, faces a Florida backlash.",2017-04-29,"트럼프, 석유 시추 규정 완화: 고임금 일자리 창출을 위해 만들어진 이 명령은 플로리다의 반발에 직면해 있습니다.",-0.979076623916626
"Feds must ban offshore drilling near Florida: Despite election-year assurances from Rick Scott and President Trump, a special Florida exemption was never made official in law or policy.",2019-04-28,연준은 플로리다 인근 해상 시추를 금지해야 합니다: 릭 스콧과 트럼프 대통령의 선거 연도 보장에도 불구하고 플로리다 특별 면제는 법이나 정책에서 공식화되지 않았습니다.,-0.9994290471076965
Trump Is Expected to Sign Order To Relax Offshore Drilling Curbs: [National Desk],2017-04-28,"트럼프, 해상 시추 제한 완화 명령에 서명할 것으로 예상됩니다: [내셔널 데스크]",-0.928615152835846
Experts: Long road ahead for offshore drilling order: Yearslong battle expected over Trump's authority,2017-04-30,전문가: 해양 시추 주문에는 아직 갈 길이 멀다: 트럼프의 권위를 둘러싼 수년간의 싸움이 예상됩니다,-0.8240141868591309
Trump order seeks to expand offshore drilling,2017-04-29,"트럼프 명령, 해상 시추 확대 모색",-0.9415538311004639
Trump order aims to expand oil drilling,2017-04-29,트럼프 명령은 석유 시추 확대를 목표로 합니다,-0.9200797080993652
Experts: Long road ahead for Trump offshore drilling order,2017-04-29,전문가: 트럼프 해양 시추 명령에는 아직 갈 길이 멀다,0.990264892578125
"Biden freezes Arctic drilling rights sold before Trump left office: Environmental review The Biden administration has announ- ced it will suspend the Arctic oil drilling rights sold in the last days of Donald Trump's presidency, reversing a policy of the previous",2021-06-03,"바이든, 트럼프 퇴임 전 판매된 북극 시추권 동결: 환경 검토 바이든 행정부는 도널드 트럼프 대통령 재임 마지막 날에 판매된 북극 석유 시추권을 중단하겠다고 발표하여 이전 정책을 뒤집었습니다",-0.9919592142105103
Trump signs executive order to expand offshore drilling: But it will take years to rewrite federal leasing plans and open up these areas to drilling,2017-05-01,"트럼프, 해양 시추 확대를 위한 행정 명령 서명: 하지만 연방 임대 계획을 다시 작성하고 이러한 지역을 시추에 개방하는 데는 수년이 걸릴 것입니다",-0.9889786839485168
Governor supports Trump's offshore oil drilling policy: Environmental groups express their opposition,2018-01-17,주지사는 트럼프의 해상 석유 시추 정책을 지지합니다: 환경 단체들은 반대 의사를 표명합니다,0.980008602142334
Portland council resists oil drilling off coast: Its resolution for nearby waters to be exempt from Trump's exploration order will go to federal agencies.,2018-02-06,포틀랜드 의회는 해안에서 석유 시추에 저항합니다: 트럼프의 탐사 명령에서 인근 해역을 면제하기로 한 결의안은 연방 기관에 전달될 것입니다.,-0.9941516518592834
Oil drilling could bring artificial island: Trump order opens area that was previously off-limits,2017-10-27,석유 시추는 인공 섬을 가져올 수 있습니다: 트럼프 명령으로 이전에는 출입 금지였던 지역이 개방됩니다,-0.9862009882926941
Trump to sign order to open up more offshore drilling,2017-04-27,"트럼프, 더 많은 해양 시추 개방 명령 서명",0.9553442001342773
Offshore drilling: Miss. groups want protection; Bryant supports Trump policy,2018-01-16,해상 시추: 미스 그룹은 보호를 원하고 브라이언트는 트럼프 정책을 지지합니다,-0.9982531666755676
Democrats to mark Trump's tax bill's anniversary with effort to repeal Arctic oil drilling,2018-11-19,"민주당, 북극 석유 시추 폐지 노력으로 트럼프 세금 법안 제정 기념일 기념식 개최",0.9597264528274536
Trump signs executive order aimed at opening Arctic oil drilling,2017-04-29,"트럼프, 북극 석유 시추 개시를 목표로 한 행정 명령 서명",0.7853906750679016
"Trump: 'We're opening it up.'; Offshore drilling back on: Executive order seeks to reverse protections, could affect Va. coastal waters",2017-04-29,"트럼프: '우리는 그것을 개방하고 있습니다'; 해상 시추 재개: 행정 명령은 보호를 되돌리려 하며, 버지니아 연안 해역에 영향을 미칠 수 있습니다",0.9629765152931213
Trump signs executive order to expand offshore oil drilling,2017-04-29,"트럼프, 해상 석유 시추 확대를 위한 행정 명령 서명",0.9615832567214966
"Saturday, Jan. 13, 2018: University censorship troubling, Trump's reckless oil drilling order, refuting 'Fire and Fury'",2018-01-12,"2018년 1월 13일 토요일: 대학 검열 문제, 트럼프의 무모한 석유 시추 명령, '화염과 분노' 반박",-0.9955774545669556
Sen. Bill Nelson threatens to block Trump from dismantling offshore drilling rules,2018-01-03,"빌 넬슨 상원의원, 트럼프의 해상 시추 규칙 해체를 막겠다고 위협하다",-0.9949028491973877
United States: Trump Signs Order Opening Arctic for Oil Drilling,2017-05-02,"미국: 트럼프, 석유 시추를 위한 북극 개방 명령 서명",0.7565827369689941
U.S. News: Trump Order Eases Offshore Drilling,2017-04-29,미국 뉴스: 트럼프 명령으로 해상 시추 완화,0.6615765690803528
Trump Is Expected to Sign Order To Relax Offshore Drilling Curbs,2017-04-28,"트럼프, 해상 시추 제한 완화 명령 서명 예정",-0.6812764406204224
Trump signs order to increase offshore oil drilling,2017-04-28,"트럼프, 해상 석유 시추 증가 명령 서명",0.7780810594558716
"Alaska judge blocks Trump's executive order, restores offshore drilling ban in Arctic Ocean",2019-03-31,"알래스카 판사, 트럼프 행정명령 저지, 북극해 해상 시추 금지 복원",-0.9857748746871948
Leaders: Oil drilling order will hurt coast; Trump rolls back regulations implemented under Obama,2017-05-02,"리더: 석유 시추 명령은 해안에 타격을 줄 것입니다. 트럼프, 오바마 정부에서 시행한 규제 철회",-0.9948341846466064
Trump bans oil drilling off state's Atlantic coast President signs order at Jupiter Inlet Lighthouse,2020-09-09,"트럼프, 주 대서양 연안에서 석유 시추 금지 대통령, 주피터 인렛 등대에서 명령 서명",-0.9411760568618774
BILL NELSON SAYS DONALD TRUMP INTENDS TO EXPAND OIL DRILLING,2016-11-22,"빌 넬슨, 도널드 트럼프가 석유 시추를 확대할 계획이라고 말하다",0.9655256867408752
"Thanks for exposing schools' bad practices; For Trump, added oil drilling should start close to home; Republican tax law analysis too little, too late, Sen. Rubio; President's tweets are rants and word noise, not policy",2018-01-07,학교의 나쁜 관행을 폭로해 주셔서 감사합니다. 트럼프에게는 추가 석유 시추가 집 근처에서 시작되어야 합니다. 공화당 세법 분석은 너무 적거나 너무 늦었습니다. 루비오; 대통령의 트윗은 정책이 아닌 폭언과 단어 소음입니다,-0.9974266886711121
"Trump retreats on climate leadership: As he threatened, president starts a U.S. withdrawal from the Paris agreement.",2019-11-10,트럼프는 기후 리더십에 대해 후퇴합니다: 위협한 대로 대통령은 파리 협정에서 미국의 탈퇴를 시작합니다.,-0.9984500408172607
"Climate decision condemned: Scott, Leahy, Sanders, Welch all criticize Trump's announcement on Paris agreement",2017-06-02,"기후 결정이 비난받았다: 스콧, 리히, 샌더스, 웰치는 모두 트럼프의 파리 협정 발표를 비판합니다",-0.9937050938606262
Trump exposes climate deal: Power plants executive order shows that Paris Agreement is a paper tiger,2017-03-30,"트럼프, 기후 협정 폭로: 발전소 행정 명령은 파리 협정이 종이 호랑이임을 보여줍니다",-0.9815436601638794
Holcomb lauds climate rules slash: Governor: Trump order to unravel Clean Power Plan frees state from overregulation,2017-03-29,"홀콤은 기후 규칙 삭감을 칭찬합니다: 주지사: 트럼프, 청정 전력 계획 해제 명령으로 주정부가 과도한 규제에서 자유로워지다",-0.970719575881958
"Cities, states take up climate fight: Efforts to cut emissions locally proceed, despite Trump's order to repeal the Clean Power Plan",2017-04-02,"도시와 주, 기후 싸움에 나서다: 트럼프의 청정 전력 계획 폐지 명령에도 불구하고 지역적으로 배출량을 줄이기 위한 노력이 진행되고 있습니다",-0.5776687264442444
TVA expects no impact from Trump's order: Executive order reverses former rules about clean power,2017-03-31,TVA는 트럼프의 명령이 영향을 미치지 않을 것으로 예상합니다: 청정 전력에 대한 이전 규칙을 뒤집는 행정 명령,-0.9996678829193115
"EPA science under Trump gag order: Studies, data must undergo political review before release to public; but no mention of climate change",2017-01-26,"트럼프의 개그 명령에 따른 EPA 과학: 연구, 데이터는 공개되기 전에 정치적 검토를 거쳐야 하지만 기후 변화에 대한 언급은 없습니다",-0.9977943897247314
"President Trump goes in reverse on the environment: Fundamental dishonesty is at the heart of Trump's executive order, which seeks to unravel large parts of former President Barack Obama's climate change policy.",2017-03-29,트럼프 대통령은 환경에 대해 반대 입장을 취합니다: 근본적인 부정직함은 버락 오바마 전 대통령의 기후 변화 정책의 상당 부분을 해결하려는 트럼프 행정명령의 핵심입니다.,-0.9943798184394836
power struggle: Clean energy plan supporters will fight Trump's coal order,2017-03-30,권력 투쟁: 청정 에너지 계획 지지자들은 트럼프의 석탄 질서에 맞서 싸울 것입니다,0.9627317190170288
"Trump's climate policy and N.J.: Rough seas ahead: Scientists: Order could harm air quality, shore conditions",2017-03-29,트럼프의 기후 정책과 뉴저지: 험난한 바다 앞: 과학자들: 주문은 대기 질과 해안 조건에 해를 끼칠 수 있습니다,-0.9343244433403015
"Farmers relieved by Trump order to look at EPA rule: EPA to review, revise Clean Water Act rule president called a 'power grab'",2017-03-19,"트럼프 대통령이 EPA 규칙을 검토하라는 명령에 안도하는 농부들: EPA, '권력 장악'이라고 불리는 깨끗한 물법 규칙을 검토하고 개정하다",-0.9971610307693481
Trump's order to undo climate change policies is a setback to Paris Agreement,2017-04-04,기후 변화 정책을 되돌리라는 트럼프의 명령은 파리 협정에 차질을 빚고 있습니다,-0.9910029172897339
"16 Years Later, Bush's Climate Pact Withdrawal Holds Lessons for Trump: [National Desk]",2017-06-05,"16년 후, 부시의 기후 협약 탈퇴는 트럼프에게 교훈을 줍니다: [내셔널 데스크]",0.9775394201278687
Clean energy policy slashed; EPA finalizes Trump's rollback of key Obama rule that targeted coal plants,2019-06-20,"청정 에너지 정책 삭감, EPA, 석탄 발전소를 겨냥한 트럼프의 오바마 주요 통치 철회 확정",-0.9927001595497131
May under fire for Trump 'subservience': PM criticised for response to US climate change deal withdrawal,2017-06-03,트럼프 '섭외'로 비난받을 수 있습니다: 미국 기후 변화 협정 철회에 대한 대응으로 비판받는 총리,-0.9811450839042664
Trump Plans to Begin E.P.A. Rollback With Order on Clean Water: [Washington],2017-03-01,"트럼프, E.P.A. 시작 계획. 깨끗한 물 주문으로 롤백하기: [워싱턴]",-0.6482290625572205
How Trump turned the lights out in Marrakesh: His victory likely to spur withdrawal of funding for climate change efforts,2016-11-11,트럼프가 마라케시에서 불을 끈 방법: 그의 승리는 기후 변화 노력을 위한 자금 인출을 촉진할 가능성이 높습니다,-0.9088636636734009
"Farmers relieved by Trump order: EPA to review, revise rule president called a 'power grab'",2017-03-15,"트럼프 명령에 안도하는 농부들: EPA, '권력 장악'이라고 불리는 규칙 대통령 검토 및 수정",-0.9976289868354797
What Biden's election means for climate action: Trump's withdrawal from the deal kicked off a race to the bottom,2020-11-14,바이든의 당선이 기후 행동에 미치는 영향: 트럼프의 거래 철회로 바닥을 향한 경쟁이 시작되었습니다,-0.9682192206382751
Farmers relieved by Trump order: EPA to review and revise WOTUS rule president called a 'power grab',2017-03-19,"트럼프 명령으로 농부들이 안도합니다: EPA, WTO 미국 규칙 대통령을 '권력 장악'이라고 검토하고 수정하다",-0.998388409614563
ON POLITICS; State's climate policy won't reverse; Governor vows to keep efforts in place regardless of whether Trump pulls U.S. out of Paris agreement.,2017-06-01,정치에 대해; 주 기후 정책은 역전되지 않을 것입니다; 주지사는 트럼프가 파리 협정에서 미국을 탈퇴시키든 말든 노력을 계속할 것을 다짐합니다.,0.9964423775672913
Why the US should stay in the Paris climate agreement: This is a pivotal moment. Trump's executive order specifying plans to roll back Obama's climate policies was silent on the Paris accord,2017-04-21,미국이 파리 기후 협정에 머물러야 하는 이유: 지금이 중요한 순간입니다. 오바마의 기후 정책을 철회할 계획을 명시한 트럼프의 행정 명령은 파리 협정에 대해 침묵했습니다,0.9969421029090881
Farmers relieved by Trump order: EPA to review and revise rule president called 'nothing but a power grab',2017-03-26,"트럼프 명령에 안도하는 농부들: EPA, '권력 장악'이라고 불리는 규칙 대통령을 검토하고 수정하다",-0.9948902130126953
TRUMP SIGNS RULE TO BLOCK EFFORTS ON AIDING CLIMATE: Executive Order Is Intended to Dismantle Obama Plan on Curbing Carbon,2017-03-29,"트럼프, 기후 지원 노력 차단 규칙 서명: 행정 명령은 오바마의 탄소 억제 계획을 해체하기 위한 것입니다",-0.9984458088874817
Video uses Sinclair statement to show effect TV consolidation; NEWS BRIEFING; Staff and news services; Trump congratulates el-Sissi after election decried as sham; EPA says Pruitt's condo lease didn't violate ethics rules; Trump urges 'nuclear option' by,2018-04-03,비디오는 싱클레어 성명을 사용하여 TV 통합 효과를 보여줍니다; 뉴스 브리핑; 직원 및 뉴스 서비스; 트럼프는 선거가 가짜라고 비난받은 후 엘 시시를 축하합니다; EPA는 프루이트의 콘도 임대가 윤리 규칙을 위반하지 않았다고 말합니다; 트럼프는 다음과 같은 방법으로 '핵 옵션'을 촉구합니다,-0.9635359048843384
Farmers relieved by order regarding Clean Water Act: EPA to review and revise rule Trump called a 'power grab',2017-03-19,"깨끗한 물 법에 관한 명령으로 농부들이 안도합니다: EPA, 트럼프가 '권력 장악'이라고 부르는 규칙 검토 및 수정",-0.9951135516166687
"Canada firm on climate policy, despite Trump win: Ottawa: 'We're moving forward,' Environment Minister says at UN strategy summit",2016-11-18,트럼프가 승리했음에도 불구하고 캐나다는 기후 정책에 대해 확고한 입장을 취하고 있습니다: 오타와: '우리는 앞으로 나아가고 있습니다'라고 환경부 장관이 유엔 전략 정상 회담에서 말했습니다,0.9486343860626221
Biden calls Trump a 'climate arsonist': Wildfires on West Coast fuel criticism in speech,2020-09-15,"바이든은 트럼프를 '기후 방화범'이라고 부릅니다: 서부 해안의 산불, 연설에서 비판을 불러일으키다",-0.9876385927200317
"Worried about wetlands: Trump signs order calling on the EPA to review water rules curtailing economic growth, leaving environmentalists fearful",2017-03-01,"습지에 대해 걱정하고 있습니다: 트럼프, EPA에 경제 성장을 억제하는 물 규정을 검토할 것을 촉구하는 명령서에 서명하여 환경운동가들을 두려움에 떨게 합니다",-0.9955246448516846
Climate betrayal; Our view: The EPA fiddles while Hurricane Florence demonstrates what Donald Trump's disastrous climate policy has ignored,2018-09-12,기후 배신; 우리의 견해: 허리케인 플로렌스가 도널드 트럼프의 재앙적인 기후 정책이 무시한 것을 보여주는 동안 EPA는 만지작거리고 있습니다,-0.9961890578269958
Local farmers relieved by new order regarding the Clean Water Act: EPA to review and revise rule Trump called a 'power grab',2017-03-19,"청정수법에 관한 새로운 명령에 안도하는 지역 농부들: EPA, 트럼프가 '권력 장악'이라고 부르는 규칙 검토 및 수정",-0.9964916110038757
Trump policy is an opening for Canada: Climate action,2017-03-31,트럼프 정책은 캐나다에 개방적입니다: 기후 행동,0.9983119964599609
Schwarzenegger backs Macron's attack on Trump climate policy: Digest,2017-06-25,슈워제네거는 트럼프 기후 정책에 대한 마크롱의 공격을 지지합니다: 다이제스트,-0.9650439620018005
Trump to visit EPA for executive order signing,2017-03-27,"트럼프, 행정명령 서명을 위해 EPA 방문",0.9582212567329407
Higgins. TAKES A VEILED SWIPE AT TRUMP IN SPEECH: Michael D uses inauguration to chastise leaders over climate change [Eire Region],2018-11-12,히긴스. 연설에서 트럼프에게 베일에 싸여 있는 스와이프를 하다: 마이클 D는 취임식을 통해 기후 변화에 대해 지도자들을 꾸짖습니다 [에이어 지역],-0.9906359314918518
Trump to slash and burn Obama climate policy: VIEW FROM THE US,2016-11-14,"트럼프, 오바마 기후 정책 삭감 및 소각: 미국에서 보기",0.9876545071601868
"Time for talk over, now act, Modi tells UN climate summit [Front Page]: Sceptic Trump Drops In To Hear PM's Speech",2019-09-24,모디 총리가 유엔 기후 정상 회담에서 이야기할 시간입니다 [1면]: 회의적인 트럼프가 총리의 연설을 듣기 위해 들르다,-0.9658419489860535
"Trump's climate views are a trial for Trudeau: President-elect will shift U.S. energy policy to emphasize domestic sources of coal, oil and natural gas",2016-11-10,"트럼프의 기후 견해는 트뤼도에게 시련이 될 것입니다: 대통령 당선인은 미국 에너지 정책을 석탄, 석유, 천연가스의 국내 공급원을 강조하는 방향으로 전환할 것입니다",0.9971556663513184
Trump isolated on climate change as G20 summit ends: BUT US INCLUDED IN HARD-WON TRADE STATEMENT,2017-07-10,"트럼프, G20 정상회의 종료로 기후 변화에 고립: 하지만 미국은 어렵게 얻은 무역 성명에 포함되었습니다",-0.6198297739028931
Trump urged to reconsider Paris Agreement withdrawal,2017-07-14,"트럼프, 파리 협정 탈퇴 재고 촉구",0.8105922937393188
Sullivan joins Trump for signing of executive order overturning EPA water rule,2017-03-01,"설리번, EPA 물 규정을 뒤집는 행정명령 서명에 트럼프 합류",0.9524078369140625
"Doubts plague EPA-funded sites: Trump freezes the environmental agency's grants and contracts, then issues a gag order, making answers difficult to come by for several Maine officials.",2017-01-27,의심은 EPA가 자금을 지원하는 사이트를 괴롭힙니다: 트럼프는 환경청의 보조금과 계약을 동결한 다음 개그 명령을 내려 여러 메인주 관리들에게 답변을 제공하기 어렵게 만듭니다.,-0.9981630444526672
Trump's energy order diverts climate focus: Environmentalists protest president's 'new era' of production,2017-03-29,트럼프의 에너지 질서는 기후에 초점을 맞춥니다: 환경운동가들은 대통령의 '새로운 생산 시대'에 항의합니다,0.9761121273040771
"higgins takes a veiled swipe at trump in speech: Michael D uses inauguration to chastise leaders over climate change [Eire Region Edition Value=""02s1""]",2018-11-12,"히긴스는 연설에서 트럼프를 은밀하게 스와이프합니다: 마이클 D는 취임식을 통해 기후 변화에 대해 지도자들을 꾸짖습니다 [에이어 리전 에디션 가치=""02s1""]",-0.9921470284461975
Australia ratifies Paris agreement amid fears of Trump withdrawal,2016-11-10,"호주, 트럼프 철수 우려 속에서 파리 협정 비준",0.9105265140533447
California's climate policy may be at risk: Federal waivers depend upon Trump's approval,2017-03-04,캘리포니아의 기후 정책이 위험에 처할 수 있습니다: 연방 면제는 트럼프의 승인에 따라 달라집니다,-0.9977947473526001
"Trump’s Davos talk shows he’s no Thatcher: U.S. President dismisses environmental activists in speech that would have been loathed by former British PM, who was ahead of her time on climate change",2020-01-22,트럼프의 다보스 연설은 그가 대처가 아니라는 것을 보여줍니다: 미국 대통령은 기후 변화에 대해 시대를 앞서간 전 영국 총리가 싫어했을 환경 운동가들을 연설에서 해임합니다,-0.9973835349082947
Mountain people urge Trump to rethink Paris agreement withdrawal,2017-06-12,산악인들은 트럼프에게 파리 협정 철회를 재고할 것을 촉구합니다,-0.9185048341751099
Three states unite to resist Trump's withdrawal from Paris Agreement,2017-06-02,트럼프의 파리 협정 탈퇴에 저항하기 위해 세 개 주가 연합합니다,-0.8393523097038269
May uses UN address to rebuke Trump over Paris Agreement withdrawal,2017-09-21,"메이, 파리 협정 탈퇴에 대해 트럼프를 비난하기 위해 유엔 연설 사용",-0.9777598977088928
Al Gore: Trump's withdrawal from Paris Agreement is a 'reckless and indefensible action',2017-06-01,앨 고어: 트럼프의 파리 협정 탈퇴는 '무모하고 방어할 수 없는 행동'입니다,-0.9949055910110474
Trump Can Ax the Clean Power Plan by Executive Order,2016-11-22,트럼프는 행정 명령에 따라 청정 전력 계획을 철회할 수 있습니다,-0.9032392501831055
"Exxon chief has admirers, detractors: Trump's choice to lead state seen as pragmatic, a foe to climate policy.",2016-12-16,엑손의 추장은 존경과 비방을 아끼지 않습니다: 트럼프가 국가를 이끌기로 한 선택은 기후 정책에 반대하는 실용적인 것으로 여겨집니다.,0.8443319797515869
Here's how Al Gore thinks Trump's withdrawal from the Paris agreement can be reversed,2017-08-12,앨 고어가 트럼프의 파리 협정 탈퇴가 되돌릴 수 있다고 생각하는 방법은 다음과 같습니다,-0.9916261434555054
EPA backfires in trying to praise Trump's climate order,2017-03-30,트럼프의 기후 질서를 칭찬하려는 EPA의 반발,-0.9986525177955627
Trump savages Paris Agreement in scathing G20 summit speech - ‘Kill the American economy!',2020-11-23,"트럼프, G20 정상 회담 연설에서 파리 협정을 맹렬히 비난하다 - '미국 경제를 죽여라!'",-0.9959290623664856
"Rocky road for climate policy: Thanks to its receding economic heft, a Trump-led US pull out from the Paris deal will have a limited impact",2017-01-18,기후 정책을 위한 험난한 길: 경제적 무게감이 하락함에 따라 트럼프가 주도하는 미국의 파리 협정 탈퇴는 제한적인 영향을 미칠 것입니다,-0.9968718886375427
Trump Says He Signed Executive Order to Protect Fracking,2020-11-02,"트럼프, 프래킹 보호를 위한 행정 명령에 서명했다고 말하다",-0.7424883246421814
Trump ditches climate change in new national security strategy days after signing a bill calling it a 'direct threat',2017-12-18,"트럼프, '직접적인 위협'이라는 법안에 서명한 지 며칠 만에 새로운 국가 안보 전략에서 기후 변화를 버리다",-0.9960631728172302
State's climate policy powers at risk; Trump's EPA pick casts doubt on whether California can maintain stricter emissions standards.,2017-01-19,주 기후 정책은 위험에 처해 있습니다. 트럼프의 EPA 선택은 캘리포니아가 더 엄격한 배출 기준을 유지할 수 있을지 의문을 제기합니다.,-0.9833446145057678
Biden moves to unravel key Trump policy calls: ? President-elect pledges to halt WHO exit and re-enter Paris climate accord ? Pandemic task force announced as incumbent repeats 'stolen' vote claims,2020-11-09,"바이든, 트럼프의 주요 정책 통화를 풀기 위해 움직입니다: ? 대통령 당선인, WHO 탈퇴 중단 및 파리 기후 협정 재진입 약속? 현직 대통령이 '도난당한' 투표 주장 반복하면서 팬데믹 태스크포스 발표",-0.9793891310691833
Trump's coal revival will make it harder to breathe: His executive order won't arrest the loss of jobs - but it could do a lot to hurt public health and the climate.,2017-03-31,"트럼프의 석탄 부흥은 숨쉬기를 더 어렵게 만들 것입니다: 그의 행정 명령은 일자리 상실을 막지는 못하겠지만, 공중 보건과 기후에 큰 타격을 줄 수 있습니다.",-0.9959887862205505
Mayor: Trump goofed when he evoked Pittsburgh in Paris agreement announcement,2017-06-01,시장: 트럼프가 파리 협정 발표에서 피츠버그를 자극했을 때 장난쳤다,-0.992716908454895
Biden moves to unravel key Trump policy calls: ? President-elect pledges to halt WHO exit and re-enter Paris climate accord ? Pandemic task force announced as incumbent repeats 'stolen' vote claims [Asia Region],2020-11-09,바이든은 트럼프의 주요 정책 요구를 해결하기 위해 움직입니다: ? 대통령 당선인은 WHO 탈퇴를 중단하고 파리 기후 협정에 다시 참여하겠다고 약속합니까? 현직 대통령이 '도난당한' 투표 주장을 반복하면서 팬데믹 태스크 포스가 발표되었습니다 [아시아 지역],-0.9737840294837952
Biden moves to unravel key Trump policy calls: ? President-elect pledges to halt WHO exit and re-enter Paris climate accord ? Pandemic task force announced as incumbent repeats 'stolen' vote claims [Europe Region],2020-11-09,바이든은 트럼프의 주요 정책 요구를 해결하기 위해 움직입니다: ? 대통령 당선인은 WHO 탈퇴를 중단하고 파리 기후 협정에 다시 참여하겠다고 약속합니까? 현직 대통령이 '도난당한' 투표 주장을 반복하면서 팬데믹 태스크 포스가 발표되었습니다 [유럽 지역],-0.9768879413604736
Biden moves to unravel key Trump policy calls: ? President-elect pledges to halt WHO exit and re-enter Paris climate accord ? Pandemic task force announced as incumbent repeats 'stolen' vote claims [Middleeast Region],2020-11-09,바이든은 트럼프의 주요 정책 요구를 해결하기 위해 움직입니다: ? 대통령 당선인은 WHO 탈퇴를 중단하고 파리 기후 협정에 다시 참여하겠다고 약속합니까? 현직 대통령이 '도난당한' 투표 주장을 반복하면서 팬데믹 태스크 포스가 발표되었습니다 [중동 지역],-0.9786646962165833
Biden moves to unravel key Trump policy calls: ? President-elect pledges to halt WHO exit and re-enter Paris climate accord ? Pandemic task force announced as incumbent repeats 'stolen' vote claims [Usa Region],2020-11-09,바이든은 트럼프의 주요 정책 요구를 해결하기 위해 움직입니다: ? 대통령 당선인은 WHO 탈퇴를 중단하고 파리 기후 협정에 다시 참여하겠다고 약속합니까? 현직 대통령이 '도난당한' 투표 주장을 반복하면서 팬데믹 태스크 포스가 발표되었습니다 [미국 지역],-0.9800201654434204
United States: Main Points in Trump Climate Policy Executive Order,2017-03-30,미국: 트럼프 기후 정책 행정명령의 주요 사항,0.9734721183776855
"Legislation would end Dominion rate fix: Freeze was enacted in response to Clean Power Plan, which could end under Trump: Politics",2017-01-15,법률은 도미니언의 금리 고정을 종료할 것입니다: 트럼프 정부 하에서 종료될 수 있는 청정 전력 계획에 대응하여 동결이 제정되었습니다: 정치,-0.9493226408958435
Pingree's speech guest: Climate policy expert Joel Clement blew the whistle in 2017 on alleged efforts by Trump's administration to 'silence science.',2019-02-01,핑리의 연설 게스트: 기후 정책 전문가 조엘 클레멘트는 2017년 트럼프 행정부의 '침묵 과학' 노력에 대해 호루라기를 불었습니다,0.6726566553115845
Democrats Introduce Bill To Rescind Trump's Anti-Climate Executive Order,2017-03-31,"민주당, 트럼프의 반기후 행정 명령 철회를 위한 법안 발의",0.7581098675727844
Video on Deadspin illustrates Sinclair stations' messaging; NEWS BRIEFING; Staff and news services; Trump congratulates el-Sissi after election decried as sham; EPA says Pruitt's condo lease didn't violate ethics rules; Trump urges 'nuclear option' by,2018-04-03,데드스핀의 비디오는 싱클레어 방송국의 메시지를 보여줍니다; 뉴스 브리핑; 직원 및 뉴스 서비스; 트럼프는 선거가 가짜라고 비난받은 후 엘 시시를 축하합니다; EPA는 프루이트의 콘도 임대가 윤리 규칙을 위반하지 않았다고 말합니다; 트럼프는 다음과 같은 방법으로 '핵 옵션'을 촉구합니다,-0.7402010560035706
Trump order signals change over clean energy,2017-03-29,"트럼프 명령, 청정 에너지에 대한 변화 신호",-0.8492657542228699
Landmark Clean Power policy likely doomed in Trump presidency,2016-11-28,트럼프 대통령 임기에 끝날 것으로 보이는 획기적인 청정 전력 정책,-0.9903407692909241
Rep. Gallego Statement on the Trump Administration's Repeal of the Clean Power Plan,2017-10-10,트럼프 행정부의 청정 전력 계획 폐지에 대한 갈레고 의원 성명서,0.9198769330978394
Trump to sign executive order undoing Obama's clean power plan,2017-03-27,"트럼프, 오바마의 청정 전력 계획을 취소하는 행정 명령 서명",-0.952553391456604
"Trump gutted protections for the Atlantic's only marine monument — now what?: In order to prevent the worst effects of climate change, scientists say 30 percent of America's land and ocean must be protected by 2030, a goal supported by 86",2020-06-09,"트럼프는 대서양의 유일한 해양 기념물에 대한 보호 조치를 철회했습니다. 기후 변화의 최악의 영향을 막기 위해 과학자들은 2030년까지 미국 국토와 해양의 30%를 보호해야 한다고 말하며, 이 목표는 86개국이 지지하는 것입니다",-0.9980125427246094
President Trump's executive order will undo Obama's Clean Power Plan rule,2017-03-27,트럼프 대통령의 행정 명령은 오바마의 청정 전력 계획 규칙을 되돌릴 것입니다,-0.991305410861969
Trump order on clean power to hit Paris pact; poor nations to lose funding,2017-03-29,"트럼프, 파리 협정 체결을 위한 청정 권력 명령, 가난한 국가들의 자금 손실",-0.9724549055099487
House bill cancels most of Trump's clean energy cuts,2017-06-27,"하원 법안, 트럼프의 청정 에너지 감축 대부분 취소",-0.9994648098945618
Trump announces US withdrawal from Paris climate deal,2017-06-02,"트럼프, 파리 기후 협정 탈퇴 발표",0.6450311541557312
"Clean Power Plan undone by Trump executive order, reining in one of Obama's costliest regulations",2017-03-28,"트럼프 행정 명령으로 취소된 클린 파워 플랜, 오바마의 가장 비용이 많이 드는 규제 중 하나에 갇혀 있습니다",-0.9970433115959167
"16 Years Later, Bush's Climate Pact Withdrawal Holds Lessons for Trump",2017-06-05,"16년 후, 부시의 기후 협약 탈퇴로 트럼프에게 교훈을 안겨주다",0.8945516347885132
"Trump administration seeks delay in ruling on climate plan; WASHINGTON -- Hours after President Donald Trump signed an executive order seeking to undo his predecessor's efforts to curb climate change, his administration has asked a federal",2017-03-29,"트럼프 행정부, 기후 계획에 대한 판결 연기 요청; 워싱턴 -- 도널드 트럼프 대통령이 전임자의 기후 변화 억제 노력을 되돌리기 위한 행정 명령에 서명한 지 몇 시간 후, 그의 행정부는 연방 정부에 요청했습니다",-0.9953853487968445
Senate confirms two Trump EPA nominees after Dourson withdrawal,2017-12-14,"상원, 더슨 철수 후 트럼프 EPA 후보 2명 확정",0.9320510029792786
Trump signs order to protect hydraulic fracking,2020-11-01,"트럼프, 유압 프래킹 보호 명령 서명",-0.8645269870758057
U.S. News: Trump Likely to End Climate Deal --- President weighs outright withdrawal or fewer emissions cuts; lobbying intensifies,2017-06-01,"미국 뉴스: 트럼프, 기후 협정 종료 가능성 --- 대통령, 전면 철회 또는 배출량 감축 검토, 로비 강화",-0.7046050429344177
What will Donald Trump presidency mean for global and US climate policy? [Policy],2016-11-11,도널드 트럼프 대통령직은 글로벌 및 미국 기후 정책에 어떤 의미가 있을까요? [정책],-0.9935711622238159
Former Trump EPA Official Questions Court Order Striking Down Key Water Rule,2021-09-13,"전 트럼프 EPA 관리, 법원 명령에 의문 제기 주요 물 규정 위반",-0.9230182766914368
Bill to trump local bans on fracking advances,2015-12-03,프래킹 어드밴스에 대한 지역 금지 법안 통과,-0.8840101957321167
House OKs bill to trump local bans on fracking,2016-01-28,"하원, 프래킹에 대한 지역 금지 법안 통과",-0.6213511824607849
Trump Climate Policy to Face New Questions,2017-09-18,새로운 질문에 직면한 트럼프 기후 정책,0.6939116716384888
Trump Administration May Scrap Another Obama Climate Order,2019-01-18,"트럼프 행정부, 또 다른 오바마 기후 질서 폐기할 수도",-0.9988895058631897
"Trump says he was elected to represent Pittsburghers, not Parisians; President Trump thrust Pittsburgh into the international spotlight Thursday afternoon by referencing it in his speech about withdrawing the United States from the Paris climate pact. [Derived",2017-06-02,트럼프는 자신이 파리 시민이 아닌 피츠버그 시민을 대표하도록 선출되었다고 말합니다. 트럼프 대통령은 목요일 오후 파리 기후 협정 탈퇴 연설에서 미국을 언급하며 피츠버그를 국제적인 주목을 받게 했습니다. 파생된,0.9925569295883179
Trump Announces Withdrawal From Paris Climate Agreement,2017-06-01,"트럼프, 파리 기후 협정 탈퇴 발표",-0.9264087677001953
Obama 'criticises Trump' over climate pact withdrawal,2017-12-06,"오바마, 기후 협약 탈퇴에 대해 '트럼프 비판'",-0.9437165856361389
Trump pushes US withdrawal from Paris climate accord,2019-10-24,"트럼프, 파리 기후 협정에서 미국의 탈퇴 추진",0.5601385235786438
Trump finalizes withdrawal from Paris climate deal [US],2017-06-01,"트럼프, 파리 기후 협정 탈퇴 확정 [미국]",0.9785399436950684
Plank denounces Trump's withdrawal from Paris climate accord,2017-06-02,"플랭크, 트럼프의 파리 기후 협정 탈퇴를 비난하다",-0.7404384613037109
G7 environment ministers challenge Trump's climate change withdrawal,2017-06-16,G7 환경부 장관들이 트럼프의 기후 변화 철회에 이의를 제기하다,-0.922353208065033
Hultgren backs Trump; Democrats decry Paris climate accord withdrawal,2017-06-02,"헐트그렌, 트럼프 지지; 민주당, 파리 기후 협정 탈퇴 비난",-0.9654342532157898
Trump backers defend climate pact withdrawal despite wide criticism,2017-06-03,"트럼프 지지자들, 광범위한 비판에도 불구하고 기후 협약 탈퇴 옹호",0.698485255241394
Cranley slams Trump's withdrawal from climate accord,2017-06-03,"크랜리, 트럼프의 기후 협정 탈퇴를 비난하다",-0.990009069442749
Paris Climate Deal Senators Urge Trump To Reconsider Withdrawal,2017-07-14,"파리 기후 협정 상원의원들, 트럼프에게 탈퇴 재고 촉구",-0.9297528862953186
Trump Said to Plan Withdrawal From Landmark Climate Accord (1),2017-06-01,"트럼프, 랜드마크 기후 협정 탈퇴 계획 발표 (1)",-0.9326468110084534
Trump to announce 'withdrawal' from Paris climate deal - US official,2017-06-01,"트럼프, 파리 기후 협정에서 '철회' 발표 - 미국 관리",-0.685107409954071
Trump Said to Plan Withdrawal From Landmark Paris Climate Accord,2017-06-01,"트럼프, 파리 기후 협정 탈퇴 계획 발표",-0.7271605134010315
Trump Said to Plan Withdrawal From Landmark Climate Accord (2),2017-06-01,"트럼프, 랜드마크 기후 협정 탈퇴 계획 발표 (2)",-0.9272140860557556
Trump to announce 'withdrawal' from Paris climate deal: US official,2017-06-01,"트럼프, 파리 기후 협정에서 '철회' 발표: 미국 관리",0.503067672252655
Why banks should care about Trump's climate-change withdrawal,2017-07-17,은행들이 트럼프의 기후 변화 탈퇴에 관심을 가져야 하는 이유,-0.9965376853942871
Climate agreement withdrawal: 'Trump just stepped on the gas' toward catastrophe,2017-06-01,기후 협정 철회: 재앙을 향한 '트럼프가 방금 가스를 밟았다',-0.9989689588546753
Anger as Trump announces US withdrawal from global climate deal,2017-06-02,트럼프가 미국의 글로벌 기후 협정 탈퇴를 발표하자 분노하다,-0.9896871447563171
What Did Trump Just Do? The Paris Climate Withdrawal Explained,2017-06-01,트럼프는 방금 무엇을 했나요? 파리 기후 탈퇴 설명,-0.9898068308830261
EU and China strengthen Paris climate deal as Trump eyes withdrawal,2017-06-01,"트럼프 대통령의 탈퇴에 주목한 EU와 중국, 파리 기후 협정 강화",0.9836493730545044
Donald Trump to announce withdrawal from Paris climate change deal,2017-06-02,"도널드 트럼프, 파리 기후 변화 협정 탈퇴 발표",0.7722744345664978
Theresa May 'disappointed' at Trump's withdrawal from Paris climate agreement,2017-06-02,"테레사 메이, 트럼프의 파리 기후 협정 탈퇴에 '실망'",-0.999521017074585
BREAKING: Theresa May 'disappointed' at Trump's withdrawal from Paris climate agreement,2017-06-01,"속보: 테레사 메이, 트럼프의 파리 기후 협정 탈퇴에 '실망'",-0.9898191094398499
Lawrence mayor takes stand against Trump's withdrawal from Paris climate agreement,2017-06-06,"로렌스 시장, 트럼프의 파리 기후 협정 탈퇴에 반대하다",0.9673362970352173
China doubts U.S. climate pledge as Trump mulls Paris withdrawal,2017-04-30,트럼프가 파리 철수를 검토하면서 중국은 미국의 기후 공약을 의심하고 있습니다,-0.9926993250846863
RAMESH PONNURU: Reaction to Trump's withdrawal from climate accord is overrblown,2017-06-03,라메쉬 포누루: 트럼프의 기후 협정 탈퇴에 대한 반응이 과장되었습니다,-0.9953065514564514
United States: Investors Bet Trump Climate Withdrawal to Boost US Drilling,2017-06-06,미국: 투자자들은 미국 시추를 촉진하기 위해 트럼프 기후 철수에 베팅합니다,-0.9847923517227173
Trump's withdrawal from Paris Climate Accord a 'great disappointment' - UN,2017-06-02,트럼프의 파리 기후 협정 탈퇴는 '큰 실망' - UN,-0.9980554580688477
"Trump's Pittsburgh reference riles mayor,President used Pittsburgh 'as stereotype,' 'and it missed completely,' Peduto says; President Trump thrust Pittsburgh into the international spotlight Thursday afternoon by referencing it in his speech about",2017-06-02,"트럼프의 피츠버그 시장, 대통령은 피츠버그를 '고정관념'으로 사용했고 '완전히 빗나갔습니다'라고 페두토는 말합니다. 트럼프 대통령은 목요일 오후 연설에서 피츠버그를 언급하며 국제적인 주목을 받게 했습니다",-0.9990218877792358
Germany not mulling sanctions against US after Trump's climate pact withdrawal,2017-06-02,"독일, 트럼프의 기후 협정 탈퇴 후 미국에 대한 제재 검토하지 않음",0.9702803492546082
India committed to Paris climate deal even as Trump mulls withdrawal [Global Warming],2017-06-02,트럼프가 탈퇴를 검토하는 동안에도 인도는 파리 기후 협정에 전념 [지구 온난화],0.9785610437393188
Mars invests $1bn to fight Donald Trump’s withdrawal from Paris Climate Accord,2017-09-06,"화성, 도널드 트럼프의 파리 기후 협정 탈퇴에 맞서기 위해 10억 달러 투자",-0.9876179695129395
"Philippines fire, Trump's withdrawal from Paris climate deal: Top stories this morning",2017-06-02,"필리핀 해고, 트럼프의 파리 기후 협정 탈퇴: 오늘 아침의 주요 뉴스",0.9542630910873413
U.S. News: Trump Moves To Roll Back Obama Policy On Climate,2017-03-28,"미국 뉴스: 트럼프, 기후에 대한 오바마 정책 철회 움직임",0.9775492548942566
Trump's withdrawal from climate pact accomplishes nothing at home or abroad,2017-06-03,트럼프의 기후 협약 탈퇴는 국내외에서 아무런 성과를 거두지 못했습니다,-0.9994227886199951
Donald Trump's Paris deal withdrawal: Extreme weather and climate change explained,2017-06-02,도널드 트럼프의 파리 협상 철회: 극한 날씨와 기후 변화 설명,-0.6000471115112305
How Michael Bloomberg is defying Trump's withdrawal from the Paris climate accords,2017-06-02,마이클 블룸버그가 트럼프의 파리 기후 협정 탈퇴에 반대하는 방법,0.9956820011138916
Paris withdrawal: Trump officially turns his back on climate crisis and our own children,2019-11-06,파리 철수: 트럼프는 공식적으로 기후 위기와 우리 아이들에게 등을 돌립니다,-0.9354735016822815
"Paris accord one-sided, economically unfair: Trump again justifies US' withdrawal from climate agreement",2019-11-13,"파리 협정은 일방적이고 경제적으로 불공평합니다: 트럼프, 미국의 기후 협정 탈퇴를 다시 한 번 정당화하다",-0.9970180988311768
Trump's withdrawal from Paris climate change accord is huge blow for global deal,2017-06-02,트럼프의 파리 기후 변화 협정 탈퇴는 글로벌 거래에 큰 타격입니다,-0.9865294694900513
"For Climate Cause, Trump’s Withdrawal from Paris Accord Just One Hurdle Among Many",2017-06-02,기후 문제로 트럼프의 파리 탈퇴는 많은 장애물 중 하나에 불과합니다,-0.8558788299560547
Trump executive order scraps EPA water rule,2017-02-27,"트럼프 행정 명령, EPA 물 규정 폐기",-0.9944593906402588
Trump plans order to reverse EPA rule,2017-03-27,"트럼프, EPA 규칙을 뒤집기 위한 명령 계획",-0.8193546533584595
U.S. News: EPA Poised to Revise Clean-Water Rules --- New regulatory process is designed to expand protections and undo policy under Trump,2021-06-10,"미국 뉴스: EPA, 깨끗한 물 규칙 개정 준비 완료 --- 트럼프 대통령 하에서 보호를 확대하고 정책을 되돌리기 위해 새로운 규제 프로세스가 설계되었습니다",-0.9131176471710205
NJ Democratic Leader Blasts Trump EPA Gag Order,2017-01-25,"뉴저지 민주당 지도자, 트럼프 EPA 개그 오더 폭파",-0.9913215041160583
'We are still in': American ski resorts slam Donald Trump’s withdrawal from climate change deal,2017-06-08,"'우리는 여전히': 미국 스키 리조트, 도널드 트럼프의 기후 변화 협정 탈퇴를 비난하다",0.6681016683578491
EPA threatened by President Trump's executive order,2017-05-04,트럼프 대통령의 행정 명령으로 위협받는 EPA,-0.9977892637252808
About 100 gather in downtown Colorado Springs to protest against Trump's withdrawal of Paris climate accord,2017-06-04,약 100명이 트럼프의 파리 기후 협정 철회에 항의하기 위해 콜로라도 스프링스 시내에 모였습니다,0.949615478515625
"US will leave Paris climate accord, Trump administration tells UN, starting one-year timetable for withdrawal",2019-11-04,"미국은 파리 기후 협정을 탈퇴할 것이며, 트럼프 행정부는 유엔에 탈퇴 1년 일정을 시작할 것이라고 말했습니다",-0.9292664527893066
Emmanuel Macron delivers unprecedented English address at Elysée to slam Donald Trump's withdrawal from Paris climate deal,2017-06-01,엠마누엘 마크롱이 엘리제에서 도널드 트럼프의 파리 기후 협정 탈퇴를 비난하는 전례 없는 영어 연설을 합니다,0.9993436932563782
EPA reverses Trump policy that loosened clean-air rules,2021-05-14,"EPA, 청정 대기 규정을 완화한 트럼프 정책 뒤집다",-0.9834611415863037
Local leaders condemn new EPA head as Trump signs order,2017-03-30,트럼프가 명령에 서명함에 따라 지역 지도자들이 새로운 EPA 수장을 비난합니다,-0.9977560639381409
Trump signs order at EPA to start dismantling environmental protections,2017-03-29,"트럼프, 환경 보호 해체 시작 명령서에 서명하다",-0.9759008884429932
Trump's EPA order on pollution less bold than in past,2018-04-12,과거보다 덜 대담한 트럼프의 오염에 대한 EPA 명령,-0.9312201738357544
Judge's order could force Trump's EPA to sanction coal plant,2018-02-07,판사의 명령으로 트럼프의 EPA가 석탄 발전소를 제재하도록 강요할 수 있습니다,-0.9910187721252441
Trump To Sign Order Repealing Obama Plan To Curb Global Warming: EPA Chief,2017-03-27,"트럼프, 지구 온난화 억제를 위한 오바마 계획 철회 명령 서명: EPA 책임자",-0.6627832055091858
Top Dem lobs first bill targeting Trump's EPA pick,2016-12-08,트럼프의 EPA 선택을 겨냥한 민주당 최고 의원 첫 법안,-0.9921146035194397
"Biden says 'I guess I shouldn't apologize, but I do apologize' for the Trump administration's withdrawal from the Paris climate accord",2021-11-01,바이든은 트럼프 행정부의 파리 기후 협정 탈퇴에 대해 '사과해서는 안 되지만 사과한다'고 말했습니다,-0.9603868126869202
THE WORLD; U.S. begins formal Paris accord exit; Trump's withdrawal from the landmark climate agreement will take another year to complete.,2019-11-05,"세계; 미국, 파리 협정 탈퇴 공식 시작; 트럼프의 획기적인 기후 협정 탈퇴는 완료하는 데 1년이 더 걸릴 것입니다.",-0.9908458590507507
Why did Trump order a media blackout for the EPA? Can he do that?,2017-01-25,트럼프가 EPA에 미디어 정전을 명령한 이유는 무엇인가요? 그가 그렇게 할 수 있을까요?,-0.9990556836128235
Trump ignores climate change in key speech,2017-12-19,"트럼프, 주요 연설에서 기후 변화 무시",-0.9788662791252136
U.S. News: Trump Climate Policy Gets Fresh Scrutiny --- Administration insists the president hasn't changed his position on the Paris accord,2017-09-19,"미국 뉴스: 트럼프 기후 정책, 새로운 조사를 받다 --- 행정부는 대통령이 파리 협정에 대한 입장을 바꾸지 않았다고 주장합니다",-0.9769917130470276
New Trump EPA policy would rule out emissions controls for all industries but power plants,2021-01-12,새로운 트럼프 EPA 정책은 발전소를 제외한 모든 산업에 대한 배출 규제를 배제합니다,-0.7614457607269287
Trump slammed for trolling Greta Thunberg climate speech,2019-09-24,"트럼프, 그레타 툰베리 기후 연설 트롤링으로 비난받다",-0.9937025308609009
U.S. News: Trump Loosens Obama's Climate Rules --- President says rollback will save coal jobs; order draws EU rebuke; Asia backs Paris accord,2017-03-30,"미국 뉴스: 트럼프, 오바마의 기후 규칙 완화 --- 대통령은 롤백이 석탄 일자리를 구할 것이라고 말합니다. 명령은 EU의 비난을 받고, 아시아는 파리 협정을 지지합니다",-0.8692447543144226
"Paris pullout rationale; In response to those opposing President Trump's withdrawal from the Paris climate accord, let's look at the facts. [Derived Headline]",2017-06-29,"파리 탈퇴의 근거; 트럼프 대통령의 파리 기후 협정 탈퇴에 반대하는 사람들에 대한 대응으로, 사실을 살펴봅시다. [파생 헤드라인]",0.7083134055137634
Trump's foolish withdrawal; Our view: Abandoning Paris climate agreement is the president's Nero moment - fiddling with nationalism while a costly man-made disaster approaches,2017-06-04,트럼프의 어리석은 탈퇴; 우리의 견해: 파리 기후 협정을 포기하는 것은 대통령의 네로 순간입니다 - 비용이 많이 드는 인재가 다가오는 동안 민족주의를 만지작거리는 것입니다,-0.9921485185623169
Pittsburgh mayor calls out Trump for Paris climate agreement speech,2017-06-01,"피츠버그 시장, 파리 기후 협정 연설에 트럼프 촉구",-0.940911591053009
House's EPA spending bill doesn't agree with Trump cuts but approves layoffs,2017-07-11,하원의 EPA 지출 법안은 트럼프의 삭감에 동의하지 않지만 해고를 승인합니다,-0.8854689598083496
Trump's EPA is said to cut scientists out of new water policy that threatens New England wetlands,2020-01-18,트럼프의 EPA는 뉴잉글랜드 습지를 위협하는 새로운 물 정책에서 과학자들을 차단한다고 합니다,-0.6859708428382874
Fate of ‘forever chemicals’ with Trump EPA as House passes bill scorned by Senate GOP,2020-01-10,상원 공화당이 경멸하는 법안을 하원에서 통과시키면서 트럼프 EPA와 함께하는 '영원한 화학 물질'의 운명,-0.9972430467605591
Trump slammed for trolling 16-year-old activist’s climate speech,2019-09-24,"트럼프, 16세 운동가의 기후 연설을 트롤링한 혐의로 비난받다",-0.9977195858955383
"Trump attends UN Climate Action Summit, sits through Modi's speech",2019-09-23,"트럼프, 유엔 기후 행동 정상 회담에 참석하고 모디 총리의 연설 내내 앉아 있음",0.9020629525184631
'Who?': Trump mocks teenage climate activist Greta Thunberg during CPAC speech,2020-02-29,"'누구?': 트럼프, CPAC 연설 중 10대 기후 운동가 그레타 툰베리 조롱",-0.9933221936225891
Trump knocks climate change 'prophets of doom' in speech attended by Greta Thunberg,2020-01-21,"트럼프, 그레타 툰베리가 참석한 연설에서 기후 변화 '운명의 예언자'를 노크하다",-0.7873453497886658
"Bills would help, hurt illegal immigrants: Legislation comes during what some call a 'hostile' climate due to Trump's rhetoric: Politics",2017-01-21,법안은 불법 이민자들에게 도움이 되고 피해를 줄 것입니다: 입법은 트럼프의 수사학으로 인해 일부 사람들이 '적대적인' 분위기라고 부르는 시기에 이루어집니다: 정치,-0.9893094301223755
"Donald Trump mocks climate change activist Greta Thunberg, 16, after passionate speech to UN",2019-09-24,"도널드 트럼프, 유엔에 대한 열정적인 연설 후 기후 변화 운동가 그레타 툰베리(16세) 조롱",-0.9947342872619629
Theresa May takes shock swipe at Donald Trump over Paris climate deal in UN speech,2017-09-21,"테레사 메이, 유엔 연설에서 파리 기후 협정에 대해 도널드 트럼프에게 충격적인 채찍질을 하다",-0.9390476942062378
World: Climate activist Greta Thunberg glares at Donald Trump after giving powerful speech at UN,2019-09-25,세계: 기후 운동가 그레타 툰베리가 유엔에서 강력한 연설을 한 후 도널드 트럼프를 노려봅니다,-0.9948747754096985
‘Truly sad’: Sanders condemns Trump for omitting climate change in State of the Union speech,2020-02-04,"'정말 슬프다': 샌더스, 연두교서에서 기후 변화를 생략한 트럼프를 비난하다",-0.9968206882476807
Trump's speech on Paris climate deal: Here's what the US President said on India,2017-06-02,파리 기후 협정에 관한 트럼프의 연설: 미국 대통령이 인도에 대해 한 말은 다음과 같습니다,-0.8680296540260315
United States/France: Trump Promotes Pulling US from Paris Climate Accord in Speech Touting 'America First',2019-10-25,"미국/프랑스: 트럼프, '미국 우선주의'를 선전하는 연설에서 미국을 파리 기후 협정에서 탈퇴하도록 장려하다",0.5968292951583862
Trump signs climate order,2017-03-29,"트럼프, 기후 질서에 서명하다",0.9307113885879517
"Trump's UN envoy nominee defends climate record; ; Mexico becomes 1st to ratify trade deal with US, Canada; Senate panel OKs emergency aid for migrant refugees; Xi supports N. Korea's direction on issues ahead of visit to Kim; Schumer wants",2019-06-20,"트럼프의 유엔 특사 지명자, 기후 기록 방어; 멕시코, 미국, 캐나다와 무역 협정 비준 첫 번째 국가가 되다; 상원 패널, 이민자 난민 긴급 지원 승인; 시 주석, 김 위원장 방문에 앞서 북한의 문제 방향 지지; 슈머가 원한다",0.9627543687820435
"Trump's UN envoy nominee defends climate record; Mexico becomes 1st to ratify trade deal with US, Canada; Senate panel OKs emergency aid for migrant refugees; Xi supports N. Korea's direction on issues ahead of visit to Kim; Schumer wants",2019-06-20,"트럼프의 유엔 특사 지명자, 기후 기록 옹호; 멕시코, 미국, 캐나다와의 무역 협정 비준 첫 번째, 상원 패널 승인; 이민자 난민 긴급 지원 승인; 시 주석, 김 위원장 방문에 앞서 북한의 문제 방향 지지; 슈머가 원함",0.9598187804222107
Trump signs climate order [Northeast Region],2017-03-29,"트럼프, 기후 질서 [동북 지역] 서명",0.9186003804206848
Trump to sign climate-change order,2017-03-28,"트럼프, 기후 변화 질서에 서명하다",0.9454072713851929
Trump undoing ruinous Obama climate policy,2017-11-03,파멸적인 오바마 기후 정책을 되돌리는 트럼프,-0.9957661628723145
Trump climate change order expected today,2017-03-28,오늘 예상되는 트럼프 기후 변화 질서,-0.8424978852272034
Trump order softens laws on climate change,2017-03-28,트럼프 명령으로 기후 변화에 관한 법률 완화,-0.7045326828956604
President Trump undoes climate policy,2017-04-02,"트럼프 대통령, 기후 정책 철회",-0.9959713816642761
Trump tears up US climate policy,2017-03-29,"트럼프, 미국 기후 정책 파기",-0.6411473751068115
Trump to gut Obama climate policy,2017-03-29,"트럼프, 오바마 기후 정책 철회",-0.9182207584381104
Trump's climate order could be a nightmare,2017-04-18,트럼프의 기후 질서는 악몽이 될 수 있습니다,-0.9991808533668518
Trump signs order undoing Obama climate change policies,2017-03-29,"트럼프, 오바마 기후 변화 정책 취소 명령 서명",-0.9755536317825317
Trump climate policy may impact trade,2016-12-23,트럼프 기후 정책이 무역에 영향을 미칠 수 있습니다,0.5175753831863403
"Strong reaction to Trump order on energy, climate",2017-03-29,"에너지, 기후에 대한 트럼프 명령에 대한 강한 반응",0.9926919341087341
Trump's climate change policy; a malicious deception,2019-07-17,트럼프의 기후 변화 정책; 악의적인 기만,-0.9989750385284424
Don't follow Trump on climate policy,2017-01-23,기후 정책에 대해 트럼프를 따르지 마세요,-0.9967345595359802
Texas GOP welcomes Trump order repealing climate regulations,2017-03-28,"텍사스 공화당, 기후 규제를 폐지하는 트럼프 명령 환영",0.9940693378448486
Trump to sign order reversing Obama's climate policies,2017-03-28,"트럼프, 오바마의 기후 정책을 뒤집는 명령에 서명하다",-0.8197727203369141
Trump to sign order undoing Obama-era climate policies,2017-03-28,"트럼프, 오바마 시대의 기후 정책을 되돌리는 명령에 서명하다",-0.9428563714027405
Trump signs order to roll back Obama climate measures,2017-03-28,"트럼프, 오바마 기후 조치 철회 명령 서명",-0.9121541380882263
Hawking warns Trump on risky climate policy,2017-07-04,호킹은 트럼프에게 위험한 기후 정책에 대해 경고합니다,-0.9519175887107849
Trump signs executive order unwinding Obama climate policies,2017-03-29,"트럼프, 오바마 기후 정책 해제를 위한 행정 명령 서명",-0.677165150642395
Trump signs order dismantling Obama-era climate policies,2017-03-29,"트럼프, 오바마 시대 기후 정책 해체 명령 서명",-0.9062972068786621
Trump's climate order could take some time,2017-03-28,트럼프의 기후 질서는 시간이 좀 걸릴 수 있습니다,-0.9981087446212769
"Terror response must go beyond policing social media, US Paris accord withdrawal can benefit climate change movement, only Qatar's action can mend relations, what's the 'real reason' Arab countries cut Qatar ties?, how Trump may have",2017-06-17,"테러 대응은 소셜 미디어를 감시하는 것을 넘어서야 합니다. 미국 파리 협정 탈퇴는 기후 변화 운동에 도움이 될 수 있으며, 오직 카타르의 행동만이 관계를 개선할 수 있습니다. 아랍 국가들이 카타르 관계를 끊은 '진짜 이유'는 무엇일까요? 트럼프는 어떻게 행동했을까요",-0.995020866394043
3 US states reject Trump policy on climate change,2019-06-29,"미국 3개 주, 기후 변화에 대한 트럼프 정책 거부",-0.9167630076408386
Climate policy in the age of Trump,2017-02-02,트럼프 시대의 기후 정책,0.9851388335227966
"Trump, former vice-president meet to discuss climate policy",2016-12-07,"트럼프, 전 부통령, 기후 정책 논의 위해 만나다",0.9955441355705261
"Trump's climate order puts water, coast, assets at risk",2017-04-02,"트럼프의 기후 질서는 물, 해안, 자산을 위험에 빠뜨립니다",-0.9839072227478027
Trump to sign order sweeping away Obama-era climate policies,2017-03-28,"트럼프, 오바마 시대 기후 정책을 휩쓸고 있는 명령서 서명",0.9520353078842163
Trump tears up US climate policy [Eire Region],2017-03-29,"트럼프, 미국 기후 정책 파기 [에이어 지역]",-0.729447066783905
Trump's order undoing climate policies met with NY opposition,2017-03-29,기후 정책을 되돌리는 트럼프의 명령은 뉴욕 반대에 부딪혔습니다,-0.9901143312454224
Trump Presidency Threatens US Climate Policy Leadership,2016-11-12,"트럼프 대통령, 미국 기후 정책 리더십 위협",-0.998823344707489
US diplomat in China resigns over Trump's climate policy,2017-06-06,트럼프의 기후 정책으로 중국 주재 미국 외교관 사임,-0.9990536570549011
Congressman Andy Biggs' Statement on President Trump's Impending Decision on the Paris Climate Agreement,2017-05-31,트럼프 대통령의 파리 기후 협정에 대한 임박한 결정에 대한 앤디 빅스 하원의원의 성명서,0.9691776037216187
Trump's pick on housing against climate policy,2016-12-09,기후 정책에 반대하는 트럼프의 주택 선택,-0.7207887768745422
Trump takes shot at shareholder climate change advocacy with pipeline order,2019-04-12,"트럼프, 파이프라인 주문으로 주주 기후 변화 옹호에 총을 쏜다",0.7842586636543274
Trump's climate-policy rollback may not be easy,2017-01-03,트럼프의 기후 정책 롤백은 쉽지 않을 수 있습니다,-0.9989483952522278
How Donald Trump Can Build Toward a Climate Policy: Editorial,2017-06-15,도널드 트럼프가 기후 정책을 위해 구축할 수 있는 방법: 사설,0.9876811504364014
Bloomberg View: How Trump can build toward a climate policy,2017-06-19,블룸버그 보기: 트럼프가 기후 정책을 위해 구축할 수 있는 방법,0.9942737221717834
Trump moves to dismantle Obama's climate legacy with executive order,2017-03-29,"트럼프, 행정 명령으로 오바마의 기후 유산 해체 움직임",0.6668401956558228
Trump to sign executive order to reverse Obama's climate policies,2017-03-28,"트럼프, 오바마의 기후 정책을 되돌리기 위한 행정 명령 서명",-0.6305856704711914
"Trump's UN envoy nominee defends climate record; NEWS BRIEFING; Staff and news services; Mexico becomes 1st to ratify trade deal with US, Canada; Senate panel OKs emergency aid for migrant refugees; Xi supports N. Korea's direction on issues",2019-06-20,"트럼프의 유엔 특사 지명자, 기후 기록 방어; 뉴스 브리핑; 직원 및 뉴스 서비스; 멕시코, 미국, 캐나다와의 무역 협정 비준 첫 번째, 상원 패널, 이민자 난민 긴급 지원 승인; 시 주석, 북한의 문제 방향 지지",0.9802133440971375
Ojakian: Connecticut campus climate future hazy with Trump order on immigration,2017-01-30,오자키안: 이민에 대한 트럼프 명령으로 코네티컷 캠퍼스 기후 미래 불투명,-0.9574688673019409
Green Group To Challenge Trump Order Repealing Climate Change Policies,2017-03-28,"그린 그룹, 기후 변화 정책을 폐지하는 트럼프 명령에 도전하다",0.9484989047050476
"Energy independence, not climate change, becomes priority under Trump order",2017-03-28,트럼프 명령에 따라 기후 변화가 아닌 에너지 독립이 우선시됩니다,0.930178701877594
Kerry: Trump doesn't 'have a right' to ignore climate policy,2016-11-16,케리: 트럼프는 기후 정책을 무시할 '권리'가 없습니다,-0.9691257476806641
Trump's newest order looks to block Obama's climate legacy,2017-03-27,트럼프의 새로운 명령은 오바마의 기후 유산을 차단하려는 것으로 보입니다,-0.9990077614784241
Siege on climate policy under Trump? It happened in Canada.,2016-11-22,트럼프 정권 하에서 기후 정책에 대한 포위? 캐나다에서 일어났어요.,-0.9956952333450317
US will change course on climate policy: Trump official,2017-01-30,미국은 기후 정책 방향을 변경할 것입니다: 트럼프 공식,0.9759824275970459
Biden attacks Trump's climate policy as wildfire ravages west coast,2020-09-15,"바이든, 산불이 서해안을 황폐화시키면서 트럼프의 기후 정책을 공격하다",-0.9596930742263794
Trump Cedes Climate Policy Mantle to Xi With Paris Accord Exit,2017-06-01,"트럼프, 파리 협정 탈퇴로 기후 정책 맨틀을 시진핑에게 양도하다",-0.9821866750717163
"With Trump announcement, America becomes a climate change pariah",2017-06-01,트럼프의 발표로 미국은 기후 변화의 파리아가 되었습니다,-0.8533084988594055
"Will Trump bring a U-turn on climate policy? Probably, but ...",2016-11-10,"트럼프가 기후 정책에 대한 유턴을 가져올까요? 아마도, 하지만 ...",-0.9758055210113525
"Trump order on climate misguided, will hurt Americans: Green advocates (News Analysis)",2017-03-29,기후에 대한 트럼프의 잘못된 명령은 미국인들에게 해를 끼칠 것입니다: 녹색 옹호자들 (뉴스 분석),-0.9985716342926025
Trump's executive order rolling back Obama's climate regulations: FULL TEXT,2017-03-28,오바마의 기후 규제를 철회하는 트럼프의 행정 명령: 전문,0.6782687306404114
Trump nominates climate policy skeptic for top White House environmental job,2017-10-13,"트럼프, 백악관 최고 환경직에 기후 정책 회의론자 지명",0.9427209496498108
Six G-7 members against one as Trump reviews climate policy,2017-05-29,트럼프가 기후 정책을 검토하는 동안 G-7 회원국 6개국이 1개국에 반대했습니다,-0.957513153553009
'Summertime' plays ahead of Trump's climate announcement,2017-06-01,트럼프의 기후 발표를 앞두고 '여름 시간'이 재생됩니다,0.995999813079834
Donald Trump pulls US out of Paris Climate Agreement: Here's the full text of his statement,2017-06-02,"도널드 트럼프, 파리 기후 협정에서 미국을 탈퇴하다: 다음은 그의 진술 전문입니다",0.9933905601501465
Trump signs order overhauling Obama's attempts to slow climate change,2017-03-29,"트럼프, 기후 변화를 늦추려는 오바마의 시도를 전면 개편하라는 명령 서명",-0.9836998581886292
Could greener business win out in Trump's climate policy?,2016-11-11,트럼프의 기후 정책에서 친환경 비즈니스가 성공할 수 있을까요?,-0.9927402138710022
European Union: Speech by President Juncker at the European Parliament on President Trump's decision to withdraw the U.S. from the COP 21 Climate Agreement,2017-06-15,유럽 연합: 유럽 의회에서 트럼프 대통령의 COP 21 기후 협정 탈퇴 결정에 대한 융커 대통령의 연설,0.9821954369544983
Trump Ends 'War On Coal'; Executive Order Reverses Obama Climate-Change Measures,2017-03-29,"트럼프, '석탄 전쟁' 종식, 오바마 기후 변화 조치 뒤집기 행정 명령",-0.9688266515731812
Trump's daughter goes green as dad tears down climate policy,2016-12-01,아빠가 기후 정책을 허물면서 트럼프의 딸이 초록색으로 변합니다,0.9278148412704468
Top US diplomat in China quits 'over Donald Trump's climate policy',2017-06-06,"중국 주재 미국 최고 외교관, '도널드 트럼프의 기후 정책'으로 사임하다",-0.9993921518325806
Biden apologizes to counterparts for Trump-era inaction on climate policy,2021-11-02,"바이든, 트럼프 시대 기후 정책에 대한 조치를 취하지 않은 것에 대해 상대방에게 사과하다",-0.9965031147003174
"Climate policy to be set by Trump, but not by him alone",2016-11-17,트럼프가 설정해야 할 기후 정책은 트럼프 혼자서 설정할 수 없습니다,-0.8739376068115234
Weak Federal Powers Could Limit Trump's Climate-Policy Rollback,2017-01-03,약한 연방 세력이 트럼프의 기후 정책 롤백을 제한할 수 있습니다,-0.9988621473312378
Environmental Law: Trump reverses past climate change policies with energy independence order,2017-04-17,"환경법: 트럼프, 에너지 자립 명령으로 과거 기후 변화 정책 뒤집다",0.9312015175819397
Donald Trump promises instant 'reaction' in crackdown on Brussels' climate change policy,2020-01-27,"도널드 트럼프, 브뤼셀의 기후 변화 정책 단속에 즉각적인 '대응' 약속",0.9835749864578247
News updates from Hindustan Times: Donald Trump mocks teen activist Greta Thunberg after her stirring speech at UN Climate Summit and all the latest news at this hour,2019-09-24,힌두스탄 타임즈의 뉴스 업데이트: 도널드 트럼프는 유엔 기후 정상회의에서 감동적인 연설을 한 후 10대 활동가 그레타 툰베리를 조롱하고 이 시간대의 모든 최신 뉴스를 보도했습니다,-0.9882339239120483
Trump's order can't stop action on climate change: US advocacy group,2017-04-03,트럼프의 명령은 기후 변화에 대한 행동을 멈출 수 없습니다: 미국 옹호 단체,0.98277747631073
Biden attacks Trump's climate policy as wildfire ravages U.S. west coast,2020-09-15,"바이든, 산불이 미국 서부 해안을 황폐화시키면서 트럼프의 기후 정책을 공격하다",-0.9559730291366577
China says committed to Paris accord as Trump undoes US climate policy,2017-03-30,트럼프가 미국 기후 정책을 철회함에 따라 중국은 파리 협정에 전념할 것이라고 말했습니다,-0.9825206398963928
Bernie Sanders rallies anti-Trump protesters with climate bill,2017-04-26,"버니 샌더스, 기후 법안으로 반트럼프 시위대 집회 개최",-0.9505835771560669
Green party leader defends President Higgins’ comments on Trump’s climate change policy,2019-06-05,"녹색당 지도자, 트럼프의 기후 변화 정책에 대한 히긴스 대통령의 발언 옹호",-0.5843344926834106
"Editorial: From climate to foreign policy to trade, Trump's White House devalues expertise",2019-05-16,"사설: 기후, 외교 정책, 무역에 이르기까지 트럼프의 백악관은 전문성을 평가절하합니다",-0.9779084324836731
"After Trump's climate pact announcement, a green Boston City Hall",2017-06-01,"트럼프의 기후 협약 발표 후, 녹색 보스턴 시청",0.9982567429542542
Trump's retrograde climate policy hands China reins in driving a low-carbon future,2017-06-02,트럼프의 역행적인 기후 정책으로 저탄소 미래를 주도하는 중국의 고삐가 잡혔습니다,-0.8908551931381226
States can lead the way on climate change policy as Trump rolls back protections,2018-10-12,트럼프가 보호 조치를 철회함에 따라 주들이 기후 변화 정책을 주도할 수 있습니다,0.5418117046356201
Jerry Brown one-ups Trump on climate change with G20 announcement,2017-07-06,"제리 브라운, G20 발표로 기후 변화에 대한 트럼프 지지자들의 의견 제시",-0.6776434779167175
EU trolls Trump: Brussels plans big bash for US states rebelling against climate policy,2017-06-14,"EU, 트럼프 트롤링: 브뤼셀, 기후 정책에 반기를 든 미국 국가들을 위한 대규모 타격 계획 발표",-0.961830198764801
California's climate policy depends on federal waivers -- what if Trump doesn't grant them?,2017-02-04,캘리포니아의 기후 정책은 연방 면제에 달려 있습니다 -- 트럼프가 이를 승인하지 않으면 어떻게 될까요?,-0.9977310299873352
NYC Mayor to Sign Order Keeping City in Paris Climate Accord If Trump Backs Out,2017-05-31,"트럼프가 물러날 경우 뉴욕 시장, 파리 기후 협정 체결",-0.8143579363822937
"Wild criticizes foreign policy Calls Trump 'unpredictable'; also discusses workforce training, climate change, drug prices",2019-10-09,"와일드는 트럼프를 '예측할 수 없다'고 부르는 외교 정책을 비판하고, 인력 양성, 기후 변화, 약값에 대해서도 논의합니다",-0.8335005044937134
Trump's climate policy: Why strain out the gnat while swallowing the camel?,2019-06-25,트럼프의 기후 정책: 낙타를 삼킬 때 왜 그낫을 걸러내나요?,-0.9955430626869202
"Trump order: Now is not time to change course on climate change, says UNEP Chief",2017-03-31,트럼프 명령: 지금은 기후 변화에 대한 방향을 바꿀 때가 아니라고 UNEP 책임자는 말합니다,-0.7953156232833862
"Aiming at Trump, House OKs bill to keep US in climate accord",2019-05-03,"트럼프를 겨냥해 하원, 미국의 기후 협정 유지 법안 승인",0.6734206080436707
'Dear Donald' - MEPs pen ‘love letter’ to President Trump to scrap climate change policy,2017-04-07,"'Dear Donald' - MEP, 기후 변화 정책 폐기를 위해 트럼프 대통령에게 '러브레터' 작성",-0.7056899070739746
California’s climate policy depends on federal waivers — what if Trump doesn’t grant them?,2017-02-04,"캘리포니아의 기후 정책은 연방 면제에 달려 있는데, 트럼프가 이를 승인하지 않으면 어떻게 될까요?",-0.997500479221344
Hillary Clinton: Trump's order to undo Obama climate plan puts 'American lives at risk',2017-03-28,힐러리 클린턴: 트럼프의 오바마 기후 계획 취소 명령은 '미국인의 생명을 위험에 빠뜨린다',-0.9002350568771362
"Biden presidency is likely to deviate from Trump administration on foreign policy, climate change, race relations",2021-02-11,"바이든 대통령직은 외교 정책, 기후 변화, 인종 관계에 대해 트럼프 행정부에서 벗어날 가능성이 높습니다",-0.9940078258514404
What Donald Trump said about India in his announcement on Paris climate accord,2017-06-02,도널드 트럼프가 파리 기후 협정 발표에서 인도에 대해 한 말,0.9335929155349731
Biden promises a new era in climate policy-but first he must undo Trump’s damage,2021-01-19,"바이든은 기후 정책의 새로운 시대를 약속하지만, 먼저 트럼프의 피해를 되돌려야 합니다",0.8146706223487854
"Keeping climate in security conversation; Kaine, Democrats propose bill amid Trump team skepticism",2019-03-14,"안보 대화에서 기후 유지; 케인, 민주당, 트럼프 팀 회의론 속에서 법안 제안",0.9627891778945923
"France: Paris climate summit opens with Bill Gates, DiCaprio, but not Trump",2017-12-14,"프랑스: 파리 기후 정상 회담은 빌 게이츠, 디카프리오와 함께 열리지만 트럼프는 그렇지 않습니다",0.9849224090576172
Tory senators kill climate change bill; NDP outraged over tactic used to trump House,2010-11-18,"토리당 상원의원들이 기후 변화 법안을 살해하고, NDP는 하원을 공격하는 데 사용된 전술에 분노합니다",-0.9937883019447327
"Trump signs farm bill that backs climate change programs, avoids food stamp cuts",2018-12-20,"트럼프, 기후 변화 프로그램을 지지하고 식량 스탬프 삭감을 피하는 농장 법안 서명",0.9652893543243408
"Allowing America to thrive; On June 1, following serious deliberation, President Trump announced in a thoughtful, informative speech that he would withdraw the United States from the Paris climate accord. [Derived Headline]",2017-06-09,"미국이 번영할 수 있도록 허용합니다; 6월 1일, 진지하게 숙고한 끝에 트럼프 대통령은 사려 깊고 유익한 연설을 통해 파리 기후 협정에서 미국을 탈퇴하겠다고 발표했습니다. [파생 헤드라인]",0.9992634654045105
Democrats pass House bill to try to block Trump from exiting Paris climate deal,2019-05-02,"민주당, 트럼프의 파리 기후 협정 탈퇴를 막기 위한 하원 법안 통과",-0.6360763311386108
Trump said Greta Thunberg seems like she has 'a bright and wonderful future' the same day she gave an impassioned speech at the UN about the devastating impact of climate change,2019-09-24,트럼프는 그레타 툰베리가 기후 변화의 파괴적인 영향에 대해 유엔에서 열정적인 연설을 한 날과 같은 날 '밝고 멋진 미래'를 가진 것 같다고 말했습니다,0.999409556388855
Senators introduce bipartisan bill to aid coolant climate deal on ice with Trump,2019-10-30,"상원 의원들, 트럼프와 얼음 위에서 냉각수 기후 협정을 지원하기 위한 초당적 법안 발의",0.9651789665222168
CITY & STATE; Brown defends climate policy on Canada trip; Governor criticizes Trump's record at event in Ontario.,2018-04-17,"도시와 주; 브라운은 캐나다 여행 중 기후 정책을 옹호하고, 주지사는 온타리오에서 열린 행사에서 트럼프의 기록을 비판합니다.",-0.9646801948547363
"House Democrats reject Trump budget cuts, roll out $46.4B energy and climate spending bill",2019-05-14,"하원 민주당, 트럼프 예산 삭감 거부, 464억 달러 규모의 에너지 및 기후 지출 법안 발표",-0.5899121761322021
"WASHINGTON, 3 OTHER STATES FILE SUIT AGAINST TRUMP'S COAL LEASING ORDER Climate change, increase in trains key concerns",2017-05-10,"워싱턴, 트럼프의 석탄 임대 명령에 대해 다른 3개 주에 소송 제기 기후 변화, 열차 증가 주요 우려 사항",-0.9150005578994751
Daily on Energy: Climate politics threaten bipartisan Senate energy bill meant to reach Trump's desk,2020-03-06,"데일리 온 에너지: 기후 정치, 트럼프의 책상에 도달하기 위한 초당적 상원 에너지 법안 위협",-0.9947665929794312
"Where Donald Trump sees a 'bad deal' in tackling climate change, China sees an opportunity to shape a new world order",2017-06-02,도널드 트럼프가 기후 변화에 대처하는 데 있어 '나쁜 거래'를 보는 중국은 새로운 세계 질서를 형성할 기회를 봅니다,0.9977242350578308
White House wavers on Paris accord; Climate pact presents yet another policy reckoning for Trump amid fading support for campaign pledge.,2017-05-26,"백악관은 파리 협정을 포기하고, 기후 협정은 선거 공약에 대한 지지가 사라지는 가운데 트럼프에게 또 다른 정책적 고려를 제시합니다.",-0.9883422255516052
Climate activists dial up heat on Bill Nye over plan to attend Trump's State of the Union,2018-01-26,기후 운동가들이 트럼프 대통령의 국정연설 참석 계획에 대해 빌 나이에게 열을 올립니다,-0.9275847673416138
The White House reportedly blocked climate testimony warning of a 'possibly catastrophic' future because it didn't 'jibe' with Trump's policy,2019-06-08,백악관은 트럼프의 정책에 '지브'하지 않았기 때문에 '아마도 재앙적인' 미래를 경고하는 기후 증언을 차단한 것으로 알려졌습니다,-0.9982069730758667
"Daily on Energy, presented by GAIN: Trump signs bill to clean up the seas as pressure mounts on climate",2018-10-11,"데일리 온 에너지, GAIN 발표: 트럼프, 기후에 대한 압력 증가에 따라 바다 정화 법안 서명",0.9878982901573181
"Climate change is a 'direct threat to national security,' the defense bill says. And Trump is expected to sign it",2017-11-22,기후 변화는 '국가 안보에 대한 직접적인 위협'이라고 국방 법안은 말합니다. 그리고 트럼프는 그것에 서명할 것으로 예상됩니다,-0.9641016721725464
It may soon be U.S. against the world on climate change; But Trump is likely to meet broad resistance if he tries to reverse global warming policy.,2016-11-27,"곧 기후 변화에 대한 미국의 반대가 될 수도 있지만, 트럼프가 지구 온난화 정책을 뒤집으려 한다면 광범위한 저항에 부딪힐 가능성이 높습니다.",-0.982300341129303
"2019 Year In Review; Bill Kaufmann looks back at a year filled with money trouble, climate change news, scandals and court tangles - and much ado about Trump",2019-12-31,"2019년 리뷰; 빌 카우프만은 자금 문제, 기후 변화 뉴스, 스캔들, 법정 얽힘으로 가득 찬 한 해를 돌아보며 트럼프에 대한 많은 열정을 가지고 있습니다",0.991232693195343
CALIFORNIA WILDFIRES; Newsom assails Trump over 'climate damn emergency'; Governor also signs Assembly bill to make it easier for inmate firefighters to get licensed upon release.,2020-09-13,"캘리포니아 산불; 뉴섬 주지사는 '기후 비상사태'에 대해 트럼프를 비난하고, 수감자 소방관들이 석방과 동시에 면허를 쉽게 취득할 수 있도록 의회 법안에 서명합니다.",-0.9563848972320557
Don't miss streetcar's potential benefits; Efficiency is the key ; to better budgeting; Protecting U.S. means facing climate change; Trump's parade isn't about military respect; Presidency a political spin on 'Apprentice'; Is White House talk new norm for,2018-02-10,전차의 잠재적 이점을 놓치지 마세요; 효율성이 핵심입니다; 예산 개선의 핵심입니다; 미국을 보호한다는 것은 기후 변화에 직면한다는 것을 의미합니다; 트럼프의 퍼레이드는 군사적 존중에 관한 것이 아닙니다; 대통령직은 '어프렌티스'에 대한 정치적 해석입니다; 백악관은 새로운 규범에 대해 이야기할까요,0.9488067030906677
"Algerian military plane crashes shortly after takeoff, killing 257; ; Pope admits he made 'grave errors' in Chile sex abuse case; Yemeni rebels' missiles, drones target Saudi capital and south; Ex-speaker Boehner joins board of marijuana company;",2018-04-12,"알제리 군용기 이륙 직후 추락해 257명 사망; ; 교황, 칠레 성학대 사건에서 '심각한 실수' 인정; 예멘 반군의 미사일, 드론이 사우디 수도와 남부를 표적으로 삼다; 전 의장 베이너, 마리화나 회사 이사회 합류;",-0.9963435530662537
"Algerian military plane crashes shortly after takeoff, killing 257; NEWS BRIEFING; Staff and news services; Pope admits he made 'grave errors' in Chile sex abuse case; Yemeni rebels' missiles, drones target Saudi capital and south; Ex-speaker",2018-04-12,"알제리 군용기 이륙 직후 추락해 257명 사망, 뉴스 브리핑, 직원 및 뉴스 서비스; 교황, 칠레 성학대 사건에서 '심각한 실수' 인정, 예멘 반군의 미사일, 드론이 사우디 수도와 남부를 겨냥하다; 전직 연설자",-0.9974820017814636
The meaning of Concord community; Van Loendersloot for Weare selectman; Sununu and the minimum wage; The clowns in the White House; Youngs was an exceptional doctor; Thanks for voting for Donald Trump; Edelblut is a great choice; Wise words,2017-02-07,콩코드 커뮤니티의 의미; Weare 셀렉트맨의 반 로엔더루트; 수누누와 최저임금; 백악관의 광대들; 영스는 뛰어난 의사였다; 도널드 트럼프에게 투표해 주셔서 감사합니다; 에델블루트는 훌륭한 선택입니다; 현명한 말씀입니다,0.9997411370277405
"On the issues Our view: In case anyone is deciding between Donald Trump and Hillary Clinton based on where they stand on policy, we offer a primer on their views Taxes Climate change Syria/ISIS Health care Supreme Court",2016-11-07,"이슈에 대해 우리의 견해: 도널드 트럼프와 힐러리 클린턴 중 누가 정책 입장에 따라 결정할 수 있는지, 우리는 그들의 견해에 대한 기초 자료를 제공합니다. 기후 변화 시리아/ISIS 보건 대법원",0.9723427295684814
Calif. death reported in E. coli outbreak tied to Ariz. lettuce; ; Memo: Pruitt landlord's spouse sought EPA panel job for client ; Arizona teachers may stay out as lawmakers mull budget bill ; Detainee sent to Saudi Arabia; in Trump's 1st Gitmo transfer; Pope,2018-05-03,"캘리포니아에서 아리즈와 관련된 대장균 발병으로 사망한 사례가 보고되었습니다. 상추; ; 메모: 프루이트 집주인의 배우자가 고객을 위해 EPA 패널 일자리를 구했습니다. 애리조나 교사들은 의원들이 예산안을 검토하는 동안 자리를 비울 수 있습니다. 구금자는 사우디아라비아로 보내졌고, 트럼프의 첫 번째 기트모 이송에서; 교황",-0.9984437823295593
"Algerian military plane crashes shortly after takeoff, killing 257; NEWS BRIEFING; Staff and news services; Pope admits he made 'grave errors' in Chile sex abuse case; Yemeni rebels' missiles, drones target Saudi capital and south; Report vividly",2018-04-12,"알제리 군용기 이륙 직후 추락해 257명 사망, 뉴스 브리핑, 직원 및 뉴스 서비스; 교황, 칠레 성학대 사건에서 '심각한 실수' 인정, 예멘 반군의 미사일, 드론이 사우디 수도와 남부를 겨냥하다; 생생하게 보도",-0.5205438733100891
Calif. death reported in E. coli outbreak tied to Ariz. lettuce; NEWS BRIEFING; Staff and news services; Memo: Pruitt landlord's spouse sought EPA panel job for client ; Arizona teachers may stay out as lawmakers mull budget bill ; Detainee sent to Saudi,2018-05-03,캘리포니아에서 아리즈와 관련된 대장균 발병으로 사망한 사례가 보고되었습니다. 상추; 뉴스 브리핑; 직원 및 뉴스 서비스; 메모: 프루이트 집주인의 배우자가 고객을 위해 EPA 패널 일자리를 구했습니다; 애리조나 교사들은 의원들이 예산 법안을 검토하는 동안 자리를 비울 수 있습니다; 사우디로 파견된 수감자,-0.9982712268829346
Trump's Yemen policy survives Senate's veto override bid; St. Lucia quarantines ; cruise ship after measles case; Colorado Sen. Bennet enters Democratic presidential race; British cyber expert pleads guilty to creating malware; India prepares for,2019-05-03,"트럼프의 예멘 정책은 상원의 거부권 무효화 입찰에서 살아남았습니다; 세인트. 루시아 격리; 홍역 환자 발생 후 크루즈선; 콜로라도 상원의원. 베넷, 민주당 대선 경선에 뛰어들다; 영국 사이버 전문가, 멀웨어 제작에 대한 유죄 인정; 인도는 다음을 준비합니다",-0.8908191919326782
"Press Secretary Spicer's blunder hard to believe; Secretary Spicer owns up ; to mistakes, unlike Trump; Commissioners, honk if you hear our parking concerns; Local officials right to heed climate change warnings; Stroke Registry bill will help",2017-04-13,스파이서 장관의 실수는 믿기 어렵습니다; 스파이서 장관은 트럼프와 달리 실수를 인정합니다; 위원들은 주차 문제를 들었는지 경적을 울립니다; 지역 공무원들은 기후 변화 경고에 귀 기울일 권리가 있습니다; 뇌졸중 등록 법안이 도움이 될 것입니다,-0.9757770299911499
Trump's Yemen policy survives Senate's veto override bid; NEWS BRIEFING; Staff and news services; St. Lucia quarantines cruise ship after measles case; Colorado Sen. Bennet enters Democratic presidential race; British cyber expert pleads guilty to,2019-05-03,"트럼프의 예멘 정책은 상원의 거부권 무효화 입찰에서 살아남았습니다. 뉴스 브리핑; 직원 및 뉴스 서비스; 세인트. 루시아, 홍역 환자 발생 후 크루즈선 격리; 콜로라도 상원의원. 베넷, 민주당 대선 경선에 뛰어들다; 영국 사이버 전문가, 유죄 인정",-0.7738251090049744
Secret FBI demands for data go beyond tech companies NEWS BRIEFING Staff and news services Judge: Trump must give video deposition in protesters' suit New York Mayor Bill de Blasio drops 2020 presidential bid Trial ordered for Marine and SEAL,2019-09-21,"비밀 FBI의 데이터 요구는 기술 기업 뉴스 브리핑 직원 및 뉴스 서비스 판사를 넘어선다: 트럼프는 시위대의 소송에 비디오 증언을 해야 합니다. 빌 드 블라시오 뉴욕 시장, 해병대 및 특수부대에 대한 2020년 대선 입찰 재판 명령 철회",-0.9913013577461243
