Title,Source,Date
Tory senators kill climate change bill; NDP outraged over tactic used to trump House,Calgary Herald,2010-11-18
Trump: Blame green policy,The Herald,2014-09-20
Bill to trump local bans on fracking advances,Naples Daily News,2015-12-03
House OKs bill to trump local bans on fracking,Naples Daily News,2016-01-28
Trump Stresses Fossil Fuel Agenda In Energy Policy Speech,RTTNews,2016-09-23
"On the issues Our view: In case anyone is deciding between Donald Trump and Hillary Clinton based on where they stand on policy, we offer a primer on their views Taxes Climate change Syria/ISIS Health care Supreme Court",The Baltimore Sun,2016-11-07
"Will Trump bring a U-turn on climate policy? Probably, but ...",Daily News,2016-11-10
"Trump's climate views are a trial for Trudeau: President-elect will shift U.S. energy policy to emphasize domestic sources of coal, oil and natural gas",The Globe and Mail,2016-11-10
Australia ratifies Paris agreement amid fears of Trump withdrawal,Yerepouni Daily News,2016-11-10
What will Donald Trump presidency mean for global and US climate policy? [Policy],The Economic Times,2016-11-11
Could greener business win out in Trump's climate policy?,The Christian Science Monitor,2016-11-11
How Trump turned the lights out in Marrakesh: His victory likely to spur withdrawal of funding for climate change efforts,The Pretoria News,2016-11-11
Trump Presidency Threatens US Climate Policy Leadership,Morocco World News,2016-11-12
Trump to slash and burn Obama climate policy: VIEW FROM THE US,Financial Times,2016-11-14
Kerry: Trump doesn't 'have a right' to ignore climate policy,Washington Examiner,2016-11-16
"Climate policy to be set by Trump, but not by him alone",The Christian Science Monitor,2016-11-17
"Canada firm on climate policy, despite Trump win: Ottawa: 'We're moving forward,' Environment Minister says at UN strategy summit",The Globe and Mail,2016-11-18
Trump Can Ax the Clean Power Plan by Executive Order,The Wall Street Journal Asia,2016-11-22
Siege on climate policy under Trump? It happened in Canada.,The Christian Science Monitor,2016-11-22
BILL NELSON SAYS DONALD TRUMP INTENDS TO EXPAND OIL DRILLING,Tampa Bay Times,2016-11-22
Trump's energy policy perils; His embrace of fossil fuels and plans to undo the steps by Obama put the environment at risk.,Los Angeles Times,2016-11-22
It may soon be U.S. against the world on climate change; But Trump is likely to meet broad resistance if he tries to reverse global warming policy.,Los Angeles Times,2016-11-27
Landmark Clean Power policy likely doomed in Trump presidency,Arizona Capitol Times,2016-11-28
Trump's daughter goes green as dad tears down climate policy,Washington Examiner,2016-12-01
"Trump, former vice-president meet to discuss climate policy",The Hindustan Times,2016-12-07
Top Dem lobs first bill targeting Trump's EPA pick,Washington Examiner,2016-12-08
Trump's pick on housing against climate policy,The Korea Times,2016-12-09
"Exxon chief has admirers, detractors: Trump's choice to lead state seen as pragmatic, a foe to climate policy.",Dayton Daily News,2016-12-16
Trump climate policy may impact trade,The Ithaca Journal,2016-12-23
Weak Federal Powers Could Limit Trump's Climate-Policy Rollback,The New York Times,2017-01-03
Trump's climate-policy rollback may not be easy,IANS English,2017-01-03
"Legislation would end Dominion rate fix: Freeze was enacted in response to Clean Power Plan, which could end under Trump: Politics",Daily Press,2017-01-15
"Rocky road for climate policy: Thanks to its receding economic heft, a Trump-led US pull out from the Paris deal will have a limited impact",DNA : Daily News & Analysis,2017-01-18
State's climate policy powers at risk; Trump's EPA pick casts doubt on whether California can maintain stricter emissions standards.,Los Angeles Times,2017-01-19
"Bills would help, hurt illegal immigrants: Legislation comes during what some call a 'hostile' climate due to Trump's rhetoric: Politics",Daily Press,2017-01-21
Don't follow Trump on climate policy,Toronto Star,2017-01-23
EPA mum on Trump order's effect on East Chicago cleanup,Chicago Tribune,2017-01-25
NJ Democratic Leader Blasts Trump EPA Gag Order,The New York Observer,2017-01-25
Why did Trump order a media blackout for the EPA? Can he do that?,The Christian Science Monitor,2017-01-25
"EPA science under Trump gag order: Studies, data must undergo political review before release to public; but no mention of climate change",Waterloo Region Record,2017-01-26
"Doubts plague EPA-funded sites: Trump freezes the environmental agency's grants and contracts, then issues a gag order, making answers difficult to come by for several Maine officials.",Portland Press Herald,2017-01-27
Ojakian: Connecticut campus climate future hazy with Trump order on immigration,New Haven Register,2017-01-30
US will change course on climate policy: Trump official,Egypt Independent,2017-01-30
Climate policy in the age of Trump,The New Nation,2017-02-02
California's climate policy depends on federal waivers -- what if Trump doesn't grant them?,Daily News,2017-02-04
California’s climate policy depends on federal waivers — what if Trump doesn’t grant them?,San Gabriel Valley Tribune,2017-02-04
The meaning of Concord community; Van Loendersloot for Weare selectman; Sununu and the minimum wage; The clowns in the White House; Youngs was an exceptional doctor; Thanks for voting for Donald Trump; Edelblut is a great choice; Wise words,Concord Monitor,2017-02-07
Trump signs bill squashing Obama-era financial rule for fossil fuels,Washington Examiner,2017-02-14
Trump executive order scraps EPA water rule,Washington Examiner,2017-02-27
Trump Plans to Begin E.P.A. Rollback With Order on Clean Water: [Washington],New York Times,2017-03-01
"Worried about wetlands: Trump signs order calling on the EPA to review water rules curtailing economic growth, leaving environmentalists fearful",Daily Times,2017-03-01
Sullivan joins Trump for signing of executive order overturning EPA water rule,Alaska Dispatch News,2017-03-01
Trump administration takes aim at EPA policy,La Prensa,2017-03-01
California's climate policy may be at risk: Federal waivers depend upon Trump's approval,The Desert Sun,2017-03-04
Farmers relieved by Trump order: EPA to review and revise WOTUS rule president called a 'power grab',Lansing State Journal,2017-03-19
Local farmers relieved by new order regarding the Clean Water Act: EPA to review and revise rule Trump called a 'power grab',Lansing State Journal,2017-03-19
"Farmers relieved by Trump order: EPA to review, revise rule president called a 'power grab'",Lansing State Journal,2017-03-19
"Farmers relieved by Trump order to look at EPA rule: EPA to review, revise Clean Water Act rule president called a 'power grab'",Lansing State Journal,2017-03-19
Farmers relieved by order regarding Clean Water Act: EPA to review and revise rule Trump called a 'power grab',Lansing State Journal,2017-03-19
Farmers relieved by Trump order: EPA to review and revise rule president called 'nothing but a power grab',Lansing State Journal,2017-03-26
Trump's newest order looks to block Obama's climate legacy,Washington Examiner,2017-03-27
Trump To Sign Order Repealing Obama Plan To Curb Global Warming: EPA Chief,RTTNews,2017-03-27
Trump to sign executive order undoing Obama's clean power plan,Asian News International,2017-03-27
President Trump's executive order will undo Obama's Clean Power Plan rule,USA Today (Online),2017-03-27
Trump plans order to reverse EPA rule,Dayton Daily News,2017-03-27
Trump to visit EPA for executive order signing,Washington Examiner,2017-03-27
Trump signs order to roll back Obama climate measures,Vanguard,2017-03-28
Trump to sign order undoing Obama-era climate policies,Vanguard,2017-03-28
Trump to sign climate-change order,IANS English,2017-03-28
Trump climate change order expected today,Charleston Gazette - Mail,2017-03-28
Trump order softens laws on climate change,Boston Globe (Online),2017-03-28
Trump's climate order could take some time,Washington Examiner,2017-03-28
"Clean Power Plan undone by Trump executive order, reining in one of Obama's costliest regulations",Washington Examiner,2017-03-28
"Energy independence, not climate change, becomes priority under Trump order",USA Today (Online),2017-03-28
Hillary Clinton: Trump's order to undo Obama climate plan puts 'American lives at risk',Washington Examiner,2017-03-28
Trump to sign executive order to reverse Obama's climate policies,IANS English,2017-03-28
Trump to sign order sweeping away Obama-era climate policies,The Peninsula,2017-03-28
Green Group To Challenge Trump Order Repealing Climate Change Policies,RTTNews,2017-03-28
U.S. News: Trump Moves To Roll Back Obama Policy On Climate,Wall Street Journal,2017-03-28
Texas GOP welcomes Trump order repealing climate regulations,The Texas Tribune,2017-03-28
Trump's executive order rolling back Obama's climate regulations: FULL TEXT,Washington Examiner,2017-03-28
Trump to sign order reversing Obama's climate policies,MaltaToday,2017-03-28
Trump tears up US climate policy [Eire Region],Daily Express,2017-03-29
Trump's energy order diverts climate focus: Environmentalists protest president's 'new era' of production,The Post - Crescent,2017-03-29
"Strong reaction to Trump order on energy, climate",Courier - Journal,2017-03-29
TRUMP SIGNS RULE TO BLOCK EFFORTS ON AIDING CLIMATE: Executive Order Is Intended to Dismantle Obama Plan on Curbing Carbon,New York Times (1923-),2017-03-29
Trump signs order dismantling Obama-era climate policies,Businessline,2017-03-29
Trump's order undoing climate policies met with NY opposition,Newsday,2017-03-29
Trump signs executive order unwinding Obama climate policies,Vietnam News Gazette,2017-03-29
Trump signs order undoing Obama climate change policies,IANS English,2017-03-29
"President Trump goes in reverse on the environment: Fundamental dishonesty is at the heart of Trump's executive order, which seeks to unravel large parts of former President Barack Obama's climate change policy.",Newsday,2017-03-29
Trump signs climate order [Northeast Region],Daily Post,2017-03-29
Trump Ends 'War On Coal'; Executive Order Reverses Obama Climate-Change Measures,National Post,2017-03-29
"Trump's climate policy and N.J.: Rough seas ahead: Scientists: Order could harm air quality, shore conditions",North Jersey Herald News,2017-03-29
Trump moves to dismantle Obama's climate legacy with executive order,The Hindustan Times,2017-03-29
Trump signs order at EPA to start dismantling environmental protections,The Washington Post,2017-03-29
Trump signs order overhauling Obama's attempts to slow climate change,IANS English,2017-03-29
Holcomb lauds climate rules slash: Governor: Trump order to unravel Clean Power Plan frees state from overregulation,Indianapolis Star,2017-03-29
"Trump order on climate misguided, will hurt Americans: Green advocates (News Analysis)",IANS English,2017-03-29
Trump order signals change over clean energy,Western Mail,2017-03-29
Trump to gut Obama climate policy,The Hindu,2017-03-29
Trump order on clean power to hit Paris pact; poor nations to lose funding,Businessline,2017-03-29
"Trump administration seeks delay in ruling on climate plan; WASHINGTON -- Hours after President Donald Trump signed an executive order seeking to undo his predecessor's efforts to curb climate change, his administration has asked a federal",Tribune - Review / Pittsburgh Tribune - Review,2017-03-29
Trump tears up US climate policy,Daily Express,2017-03-29
Trump signs climate order,Daily Post,2017-03-29
U.S. News: Trump Loosens Obama's Climate Rules --- President says rollback will save coal jobs; order draws EU rebuke; Asia backs Paris accord,The Wall Street Journal Asia,2017-03-30
Local leaders condemn new EPA head as Trump signs order,News Journal,2017-03-30
Trump exposes climate deal: Power plants executive order shows that Paris Agreement is a paper tiger,USA TODAY,2017-03-30
United States: Main Points in Trump Climate Policy Executive Order,Asia News Monitor,2017-03-30
EPA backfires in trying to praise Trump's climate order,Washington Examiner,2017-03-30
power struggle: Clean energy plan supporters will fight Trump's coal order,The Spectrum,2017-03-30
China says committed to Paris accord as Trump undoes US climate policy,Egypt Independent,2017-03-30
Trump's coal revival will make it harder to breathe: His executive order won't arrest the loss of jobs - but it could do a lot to hurt public health and the climate.,Portland Press Herald,2017-03-31
Democrats Introduce Bill To Rescind Trump's Anti-Climate Executive Order,RTTNews,2017-03-31
TVA expects no impact from Trump's order: Executive order reverses former rules about clean power,The Tennessean,2017-03-31
"Trump order: Now is not time to change course on climate change, says UNEP Chief",IANS English,2017-03-31
Trump policy is an opening for Canada: Climate action,Toronto Star,2017-03-31
"Cities, states take up climate fight: Efforts to cut emissions locally proceed, despite Trump's order to repeal the Clean Power Plan",Dayton Daily News,2017-04-02
"Trump's climate order puts water, coast, assets at risk",Florida Today,2017-04-02
President Trump undoes climate policy,Philadelphia Tribune,2017-04-02
Trump's order can't stop action on climate change: US advocacy group,IANS English,2017-04-03
Trump's order to undo climate change policies is a setback to Paris Agreement,The New Times,2017-04-04
'Dear Donald' - MEPs pen ‘love letter’ to President Trump to scrap climate change policy,Express (Online),2017-04-07
"Press Secretary Spicer's blunder hard to believe; Secretary Spicer owns up ; to mistakes, unlike Trump; Commissioners, honk if you hear our parking concerns; Local officials right to heed climate change warnings; Stroke Registry bill will help",South Florida Sun - Sentinel,2017-04-13
Environmental Law: Trump reverses past climate change policies with energy independence order,Daily Record,2017-04-17
Trump's climate order could be a nightmare,Wyoming Tribune - Eagle,2017-04-18
Why the US should stay in the Paris climate agreement: This is a pivotal moment. Trump's executive order specifying plans to roll back Obama's climate policies was silent on the Paris accord,Boston Globe,2017-04-21
Bernie Sanders rallies anti-Trump protesters with climate bill,Washington Examiner,2017-04-26
Trump to sign order to open up more offshore drilling,Washington Examiner,2017-04-27
Trump signs order to increase offshore oil drilling,Washington Examiner,2017-04-28
Trump Is Expected to Sign Order To Relax Offshore Drilling Curbs,New York Times (1923-),2017-04-28
Trump Is Expected to Sign Order To Relax Offshore Drilling Curbs: [National Desk],New York Times,2017-04-28
U.S. News: Trump Order Eases Offshore Drilling,Wall Street Journal,2017-04-29
Trump signs executive order aimed at opening Arctic oil drilling,Telegraph-Journal,2017-04-29
"TRUMP EASES OIL DRILLING RULES: The order, crafted to create high-paying jobs, faces a Florida backlash.",Tampa Bay Times,2017-04-29
Experts: Long road ahead for Trump offshore drilling order,The Gazette,2017-04-29
Trump order aims to expand oil drilling,Telegraph - Herald,2017-04-29
"Trump: 'We're opening it up.'; Offshore drilling back on: Executive order seeks to reverse protections, could affect Va. coastal waters",Daily Press,2017-04-29
Trump signs executive order to expand offshore oil drilling,People's Daily,2017-04-29
Trump order seeks to expand offshore drilling,The Washington Post,2017-04-29
Experts: Long road ahead for offshore drilling order: Yearslong battle expected over Trump's authority,Corpus Christi Caller - Times,2017-04-30
China doubts U.S. climate pledge as Trump mulls Paris withdrawal,St. Louis Post - Dispatch,2017-04-30
Trump signs executive order to expand offshore drilling: But it will take years to rewrite federal leasing plans and open up these areas to drilling,The Business Times,2017-05-01
Leaders: Oil drilling order will hurt coast; Trump rolls back regulations implemented under Obama,Orlando Sentinel,2017-05-02
United States: Trump Signs Order Opening Arctic for Oil Drilling,Asia News Monitor,2017-05-02
EPA threatened by President Trump's executive order,Missoulian,2017-05-04
"WASHINGTON, 3 OTHER STATES FILE SUIT AGAINST TRUMP'S COAL LEASING ORDER Climate change, increase in trains key concerns",Spokesman Review,2017-05-10
White House wavers on Paris accord; Climate pact presents yet another policy reckoning for Trump amid fading support for campaign pledge.,Los Angeles Times,2017-05-26
Six G-7 members against one as Trump reviews climate policy,Cape Argus,2017-05-29
Congressman Andy Biggs' Statement on President Trump's Impending Decision on the Paris Climate Agreement,Yellow Sheet Report,2017-05-31
NYC Mayor to Sign Order Keeping City in Paris Climate Accord If Trump Backs Out,The New York Observer,2017-05-31
Climate agreement withdrawal: 'Trump just stepped on the gas' toward catastrophe,USA Today (Online),2017-06-01
'Summertime' plays ahead of Trump's climate announcement,USA Today (Online),2017-06-01
Trump Cedes Climate Policy Mantle to Xi With Paris Accord Exit,Las Cruces Sun - News,2017-06-01
U.S. News: Trump Likely to End Climate Deal --- President weighs outright withdrawal or fewer emissions cuts; lobbying intensifies,Wall Street Journal,2017-06-01
What Did Trump Just Do? The Paris Climate Withdrawal Explained,Las Cruces Sun - News,2017-06-01
"With Trump announcement, America becomes a climate change pariah",Bangor Daily News,2017-06-01
EU and China strengthen Paris climate deal as Trump eyes withdrawal,Eurasia Diary,2017-06-01
BREAKING: Theresa May 'disappointed' at Trump's withdrawal from Paris climate agreement,Express (Online),2017-06-01
Trump Said to Plan Withdrawal From Landmark Paris Climate Accord,Las Cruces Sun - News,2017-06-01
Trump to announce 'withdrawal' from Paris climate deal: US official,The New Vision,2017-06-01
Emmanuel Macron delivers unprecedented English address at Elysée to slam Donald Trump's withdrawal from Paris climate deal,Telegraph.co.uk,2017-06-01
Trump Said to Plan Withdrawal From Landmark Climate Accord (1),Las Cruces Sun - News,2017-06-01
Trump Announces Withdrawal From Paris Climate Agreement,RTTNews,2017-06-01
Al Gore: Trump's withdrawal from Paris Agreement is a 'reckless and indefensible action',Washington Examiner,2017-06-01
ON POLITICS; State's climate policy won't reverse; Governor vows to keep efforts in place regardless of whether Trump pulls U.S. out of Paris agreement.,Los Angeles Times,2017-06-01
"After Trump's climate pact announcement, a green Boston City Hall",Boston Globe (Online),2017-06-01
Pittsburgh mayor calls out Trump for Paris climate agreement speech,USA Today (Online),2017-06-01
Trump Said to Plan Withdrawal From Landmark Climate Accord (2),Las Cruces Sun - News,2017-06-01
Mayor: Trump goofed when he evoked Pittsburgh in Paris agreement announcement,Washington Examiner,2017-06-01
Trump to announce 'withdrawal' from Paris climate deal - US official,Vanguard,2017-06-01
Trump finalizes withdrawal from Paris climate deal [US],The Times of India,2017-06-01
Donald Trump to announce withdrawal from Paris climate change deal,Indian Express,2017-06-02
Hultgren backs Trump; Democrats decry Paris climate accord withdrawal,Daily Herald,2017-06-02
"For Climate Cause, Trump’s Withdrawal from Paris Accord Just One Hurdle Among Many",ProPublica,2017-06-02
Trump's withdrawal from Paris Climate Accord a 'great disappointment' - UN,Vanguard,2017-06-02
How Michael Bloomberg is defying Trump's withdrawal from the Paris climate accords,The Times of Israel,2017-06-02
"Philippines fire, Trump's withdrawal from Paris climate deal: Top stories this morning",The Hindustan Times,2017-06-02
India committed to Paris climate deal even as Trump mulls withdrawal [Global Warming],The Times of India,2017-06-02
Trump's withdrawal from Paris climate change accord is huge blow for global deal,The Independent (Daily Edition),2017-06-02
"Trump's Pittsburgh reference riles mayor,President used Pittsburgh 'as stereotype,' 'and it missed completely,' Peduto says; President Trump thrust Pittsburgh into the international spotlight Thursday afternoon by referencing it in his speech about",Tribune - Review / Pittsburgh Tribune - Review,2017-06-02
"Where Donald Trump sees a 'bad deal' in tackling climate change, China sees an opportunity to shape a new world order",Telegraph.co.uk,2017-06-02
Trump's speech on Paris climate deal: Here's what the US President said on India,The Hindustan Times,2017-06-02
Donald Trump's Paris deal withdrawal: Extreme weather and climate change explained,Telegraph.co.uk,2017-06-02
Theresa May 'disappointed' at Trump's withdrawal from Paris climate agreement,Express (Online),2017-06-02
Germany not mulling sanctions against US after Trump's climate pact withdrawal,Indian Express,2017-06-02
Trump announces US withdrawal from Paris climate deal,The Filipino Express,2017-06-02
"Climate decision condemned: Scott, Leahy, Sanders, Welch all criticize Trump's announcement on Paris agreement",The Burlington Free Press,2017-06-02
Trump's retrograde climate policy hands China reins in driving a low-carbon future,Irish Independent,2017-06-02
What Donald Trump said about India in his announcement on Paris climate accord,Indian Express,2017-06-02
Donald Trump pulls US out of Paris Climate Agreement: Here's the full text of his statement,Indian Express,2017-06-02
Three states unite to resist Trump's withdrawal from Paris Agreement,People's Daily,2017-06-02
"Trump says he was elected to represent Pittsburghers, not Parisians; President Trump thrust Pittsburgh into the international spotlight Thursday afternoon by referencing it in his speech about withdrawing the United States from the Paris climate pact. [Derived",Tribune - Review / Pittsburgh Tribune - Review,2017-06-02
Plank denounces Trump's withdrawal from Paris climate accord,The Daily Record,2017-06-02
Anger as Trump announces US withdrawal from global climate deal,The New Vision,2017-06-02
A moral and a practical failure Trump's withdrawal from Paris Agreement weakens America's role in a global crisis,Daily Herald,2017-06-02
May under fire for Trump 'subservience': PM criticised for response to US climate change deal withdrawal,The Scotsman,2017-06-03
Trump backers defend climate pact withdrawal despite wide criticism,Newsday,2017-06-03
RAMESH PONNURU: Reaction to Trump's withdrawal from climate accord is overrblown,The Sun,2017-06-03
Trump's withdrawal from climate pact accomplishes nothing at home or abroad,Irish Independent,2017-06-03
Cranley slams Trump's withdrawal from climate accord,Cincinnati Enquirer,2017-06-03
About 100 gather in downtown Colorado Springs to protest against Trump's withdrawal of Paris climate accord,The Gazette,2017-06-04
Trump's foolish withdrawal; Our view: Abandoning Paris climate agreement is the president's Nero moment - fiddling with nationalism while a costly man-made disaster approaches,The Baltimore Sun,2017-06-04
"16 Years Later, Bush's Climate Pact Withdrawal Holds Lessons for Trump",New York Times (1923-),2017-06-05
"16 Years Later, Bush's Climate Pact Withdrawal Holds Lessons for Trump: [National Desk]",New York Times,2017-06-05
Top US diplomat in China quits 'over Donald Trump's climate policy',Telegraph.co.uk,2017-06-06
Lawrence mayor takes stand against Trump's withdrawal from Paris climate agreement,Daily Journal World,2017-06-06
United States: Investors Bet Trump Climate Withdrawal to Boost US Drilling,Asia News Monitor,2017-06-06
US diplomat in China resigns over Trump's climate policy,Iran Daily,2017-06-06
'We are still in': American ski resorts slam Donald Trump’s withdrawal from climate change deal,Telegraph.co.uk,2017-06-08
"Allowing America to thrive; On June 1, following serious deliberation, President Trump announced in a thoughtful, informative speech that he would withdraw the United States from the Paris climate accord. [Derived Headline]",Tribune - Review / Pittsburgh Tribune - Review,2017-06-08
Trump's withdrawal from the Paris Climate Agreement hurts Africa and the planet!,New York Amsterdam News,2017-06-08
Mountain people urge Trump to rethink Paris agreement withdrawal,Republica,2017-06-12
EU trolls Trump: Brussels plans big bash for US states rebelling against climate policy,Express (Online),2017-06-15
European Union: Speech by President Juncker at the European Parliament on President Trump's decision to withdraw the U.S. from the COP 21 Climate Agreement,Asia News Monitor,2017-06-15
How Donald Trump Can Build Toward a Climate Policy: Editorial,Las Cruces Sun - News,2017-06-15
G7 environment ministers challenge Trump's climate change withdrawal,The Malta Independent,2017-06-16
"Terror response must go beyond policing social media, US Paris accord withdrawal can benefit climate change movement, only Qatar's action can mend relations, what's the 'real reason' Arab countries cut Qatar ties?, how Trump may have",The Christian Science Monitor,2017-06-17
Bloomberg View: How Trump can build toward a climate policy,The Salt Lake Tribune,2017-06-19
Schwarzenegger backs Macron's attack on Trump climate policy: Digest,Scotland on Sunday,2017-06-25
House bill cancels most of Trump's clean energy cuts,Washington Examiner,2017-06-27
"Paris pullout rationale; In response to those opposing President Trump's withdrawal from the Paris climate accord, let's look at the facts. [Derived Headline]",Tribune - Review / Pittsburgh Tribune - Review,2017-06-29
"Foolish & costly; Moves by universities, municipalities and individuals to divest equities in fossil fuels, especially after President Trump announced the U.S. withdrawal from the Paris climate agreement, often amount to cutting off one's nose",Tribune - Review / Pittsburgh Tribune - Review,2017-06-29
Hawking warns Trump on risky climate policy,The Mercury,2017-07-04
Jerry Brown one-ups Trump on climate change with G20 announcement,Daily News,2017-07-06
Trump isolated on climate change as G20 summit ends: BUT US INCLUDED IN HARD-WON TRADE STATEMENT,Daily Post,2017-07-10
House's EPA spending bill doesn't agree with Trump cuts but approves layoffs,Washington Examiner,2017-07-11
Paris Climate Deal Senators Urge Trump To Reconsider Withdrawal,RTTNews,2017-07-14
Trump urged to reconsider Paris Agreement withdrawal,Businessline,2017-07-14
Why banks should care about Trump's climate-change withdrawal,American Banker,2017-07-17
Here's how Al Gore thinks Trump's withdrawal from the Paris agreement can be reversed,Washington Examiner,2017-08-12
Trump rebuffs coal industry's push to invoke emergency order,The Globe and Mail,2017-08-23
Mars invests $1bn to fight Donald Trump’s withdrawal from Paris Climate Accord,Express (Online),2017-09-06
Trump Climate Policy to Face New Questions,Wall Street Journal,2017-09-18
U.S. News: Trump Climate Policy Gets Fresh Scrutiny --- Administration insists the president hasn't changed his position on the Paris accord,The Wall Street Journal Asia,2017-09-19
May uses UN address to rebuke Trump over Paris Agreement withdrawal,The Independent (Daily Edition),2017-09-21
Theresa May takes shock swipe at Donald Trump over Paris climate deal in UN speech,Express (Online),2017-09-21
Rep. Gallego Statement on the Trump Administration's Repeal of the Clean Power Plan,Yellow Sheet Report,2017-10-10
Trump nominates climate policy skeptic for top White House environmental job,Washington Examiner,2017-10-13
Oil drilling could bring artificial island: Trump order opens area that was previously off-limits,The Gleaner,2017-10-27
Trump undoing ruinous Obama climate policy,Whittier Daily News,2017-11-03
"Climate change is a 'direct threat to national security,' the defense bill says. And Trump is expected to sign it",Washington Examiner,2017-11-22
Obama 'criticises Trump' over climate pact withdrawal,IANS English,2017-12-06
"France: Paris climate summit opens with Bill Gates, DiCaprio, but not Trump",Asia News Monitor,2017-12-14
Senate confirms two Trump EPA nominees after Dourson withdrawal,Washington Examiner,2017-12-14
Trump ditches climate change in new national security strategy days after signing a bill calling it a 'direct threat',Washington Examiner,2017-12-18
Trump ignores climate change in key speech,The Desert Sun,2017-12-19
Sen. Bill Nelson threatens to block Trump from dismantling offshore drilling rules,Washington Examiner,2018-01-03
"Thanks for exposing schools' bad practices; For Trump, added oil drilling should start close to home; Republican tax law analysis too little, too late, Sen. Rubio; President's tweets are rants and word noise, not policy",South Florida Sun - Sentinel,2018-01-07
"BACK STORY; Trump's old-energy plan nears a crucial juncture; As his administration's fossil-fuel 'dominance' policy founders, a decision on whether to impose solar panel tariffs looms as pivotal",Los Angeles Times,2018-01-11
"Saturday, Jan. 13, 2018: University censorship troubling, Trump's reckless oil drilling order, refuting 'Fire and Fury'",Bangor Daily News,2018-01-12
Offshore drilling: Miss. groups want protection; Bryant supports Trump policy,The Clarion Ledger,2018-01-16
Governor supports Trump's offshore oil drilling policy: Environmental groups express their opposition,Hattiesburg American,2018-01-17
Climate activists dial up heat on Bill Nye over plan to attend Trump's State of the Union,Washington Examiner,2018-01-26
Portland council resists oil drilling off coast: Its resolution for nearby waters to be exempt from Trump's exploration order will go to federal agencies.,Portland Press Herald,2018-02-06
Judge's order could force Trump's EPA to sanction coal plant,Washington Examiner,2018-02-07
Don't miss streetcar's potential benefits; Efficiency is the key ; to better budgeting; Protecting U.S. means facing climate change; Trump's parade isn't about military respect; Presidency a political spin on 'Apprentice'; Is White House talk new norm for,South Florida Sun - Sentinel,2018-02-10
Video on Deadspin illustrates Sinclair stations' messaging; NEWS BRIEFING; Staff and news services; Trump congratulates el-Sissi after election decried as sham; EPA says Pruitt's condo lease didn't violate ethics rules; Trump urges 'nuclear option' by,Orlando Sentinel,2018-04-03
Video uses Sinclair statement to show effect TV consolidation; NEWS BRIEFING; Staff and news services; Trump congratulates el-Sissi after election decried as sham; EPA says Pruitt's condo lease didn't violate ethics rules; Trump urges 'nuclear option' by,Hartford Courant,2018-04-03
"Algerian military plane crashes shortly after takeoff, killing 257; ; Pope admits he made 'grave errors' in Chile sex abuse case; Yemeni rebels' missiles, drones target Saudi capital and south; Ex-speaker Boehner joins board of marijuana company;",Orlando Sentinel,2018-04-12
Trump's EPA order on pollution less bold than in past,Washington Examiner,2018-04-12
"Algerian military plane crashes shortly after takeoff, killing 257; NEWS BRIEFING; Staff and news services; Pope admits he made 'grave errors' in Chile sex abuse case; Yemeni rebels' missiles, drones target Saudi capital and south; Report vividly",Capital,2018-04-12
"Algerian military plane crashes shortly after takeoff, killing 257; NEWS BRIEFING; Staff and news services; Pope admits he made 'grave errors' in Chile sex abuse case; Yemeni rebels' missiles, drones target Saudi capital and south; Ex-speaker",South Florida Sun - Sentinel,2018-04-12
CITY & STATE; Brown defends climate policy on Canada trip; Governor criticizes Trump's record at event in Ontario.,Los Angeles Times,2018-04-17
Calif. death reported in E. coli outbreak tied to Ariz. lettuce; ; Memo: Pruitt landlord's spouse sought EPA panel job for client ; Arizona teachers may stay out as lawmakers mull budget bill ; Detainee sent to Saudi Arabia; in Trump's 1st Gitmo transfer; Pope,Orlando Sentinel,2018-05-03
Calif. death reported in E. coli outbreak tied to Ariz. lettuce; NEWS BRIEFING; Staff and news services; Memo: Pruitt landlord's spouse sought EPA panel job for client ; Arizona teachers may stay out as lawmakers mull budget bill ; Detainee sent to Saudi,South Florida Sun - Sentinel,2018-05-03
Trump's gift to coal industry sets bad policy,The Poughkeepsie Journal,2018-08-23
Climate betrayal; Our view: The EPA fiddles while Hurricane Florence demonstrates what Donald Trump's disastrous climate policy has ignored,The Baltimore Sun,2018-09-12
"Daily on Energy, presented by GAIN: Trump signs bill to clean up the seas as pressure mounts on climate",Washington Examiner,2018-10-11
States can lead the way on climate change policy as Trump rolls back protections,USA Today (Online),2018-10-12
Higgins. TAKES A VEILED SWIPE AT TRUMP IN SPEECH: Michael D uses inauguration to chastise leaders over climate change [Eire Region],Daily Mail,2018-11-12
"higgins takes a veiled swipe at trump in speech: Michael D uses inauguration to chastise leaders over climate change [Eire Region Edition Value=""02s1""]",Daily Mail,2018-11-12
Democrats to mark Trump's tax bill's anniversary with effort to repeal Arctic oil drilling,Washington Examiner,2018-11-19
"Trump signs farm bill that backs climate change programs, avoids food stamp cuts",Washington Examiner,2018-12-20
Trump Administration May Scrap Another Obama Climate Order,The Epoch Times,2019-01-18
Pingree's speech guest: Climate policy expert Joel Clement blew the whistle in 2017 on alleged efforts by Trump's administration to 'silence science.',Portland Press Herald,2019-02-01
"Keeping climate in security conversation; Kaine, Democrats propose bill amid Trump team skepticism",Daily Press,2019-03-14
"Alaska judge blocks Trump's executive order, restores offshore drilling ban in Arctic Ocean",USA Today (Online),2019-03-31
Trump takes shot at shareholder climate change advocacy with pipeline order,Washington Examiner,2019-04-12
"Feds must ban offshore drilling near Florida: Despite election-year assurances from Rick Scott and President Trump, a special Florida exemption was never made official in law or policy.",Pensacola News Journal,2019-04-28
Democrats pass House bill to try to block Trump from exiting Paris climate deal,USA Today (Online),2019-05-02
Trump's Yemen policy survives Senate's veto override bid; St. Lucia quarantines ; cruise ship after measles case; Colorado Sen. Bennet enters Democratic presidential race; British cyber expert pleads guilty to creating malware; India prepares for,Morning Call,2019-05-03
"Aiming at Trump, House OKs bill to keep US in climate accord",Charleston Gazette - Mail,2019-05-03
Trump's Yemen policy survives Senate's veto override bid; NEWS BRIEFING; Staff and news services; St. Lucia quarantines cruise ship after measles case; Colorado Sen. Bennet enters Democratic presidential race; British cyber expert pleads guilty to,South Florida Sun - Sentinel,2019-05-03
"House Democrats reject Trump budget cuts, roll out $46.4B energy and climate spending bill",Washington Examiner,2019-05-14
"Editorial: From climate to foreign policy to trade, Trump's White House devalues expertise",St. Louis Post - Dispatch,2019-05-16
Green party leader defends President Higgins’ comments on Trump’s climate change policy,Western People,2019-06-05
The White House reportedly blocked climate testimony warning of a 'possibly catastrophic' future because it didn't 'jibe' with Trump's policy,Business Insider,2019-06-08
"Trump's UN envoy nominee defends climate record; Mexico becomes 1st to ratify trade deal with US, Canada; Senate panel OKs emergency aid for migrant refugees; Xi supports N. Korea's direction on issues ahead of visit to Kim; Schumer wants",Morning Call,2019-06-20
Clean energy policy slashed; EPA finalizes Trump's rollback of key Obama rule that targeted coal plants,Hartford Courant,2019-06-20
"Trump's UN envoy nominee defends climate record; NEWS BRIEFING; Staff and news services; Mexico becomes 1st to ratify trade deal with US, Canada; Senate panel OKs emergency aid for migrant refugees; Xi supports N. Korea's direction on issues",South Florida Sun - Sentinel,2019-06-20
"Trump's UN envoy nominee defends climate record; ; Mexico becomes 1st to ratify trade deal with US, Canada; Senate panel OKs emergency aid for migrant refugees; Xi supports N. Korea's direction on issues ahead of visit to Kim; Schumer wants",Orlando Sentinel,2019-06-20
Trump's climate policy: Why strain out the gnat while swallowing the camel?,Washington Examiner,2019-06-25
3 US states reject Trump policy on climate change,Manila Bulletin,2019-06-29
Trump's climate change policy; a malicious deception,Daily Times,2019-07-17
Secret FBI demands for data go beyond tech companies NEWS BRIEFING Staff and news services Judge: Trump must give video deposition in protesters' suit New York Mayor Bill de Blasio drops 2020 presidential bid Trial ordered for Marine and SEAL,Orlando Sentinel,2019-09-21
"Trump attends UN Climate Action Summit, sits through Modi's speech",Asian News International,2019-09-23
"Time for talk over, now act, Modi tells UN climate summit [Front Page]: Sceptic Trump Drops In To Hear PM's Speech",The Times of India (Online),2019-09-24
"Donald Trump mocks climate change activist Greta Thunberg, 16, after passionate speech to UN",Telegraph.co.uk,2019-09-24
Trump said Greta Thunberg seems like she has 'a bright and wonderful future' the same day she gave an impassioned speech at the UN about the devastating impact of climate change,Business Insider,2019-09-24
Trump slammed for trolling 16-year-old activist’s climate speech,Daily Monitor,2019-09-24
Trump slammed for trolling Greta Thunberg climate speech,Yerepouni Daily News,2019-09-24
News updates from Hindustan Times: Donald Trump mocks teen activist Greta Thunberg after her stirring speech at UN Climate Summit and all the latest news at this hour,The Hindustan Times,2019-09-24
World: Climate activist Greta Thunberg glares at Donald Trump after giving powerful speech at UN,Asia News Monitor,2019-09-25
"Wild criticizes foreign policy Calls Trump 'unpredictable'; also discusses workforce training, climate change, drug prices",Morning Call,2019-10-09
Trump pushes US withdrawal from Paris climate accord,Vietnam News Gazette,2019-10-24
United States/France: Trump Promotes Pulling US from Paris Climate Accord in Speech Touting 'America First',Asia News Monitor,2019-10-25
Senators introduce bipartisan bill to aid coolant climate deal on ice with Trump,Washington Examiner,2019-10-30
"US will leave Paris climate accord, Trump administration tells UN, starting one-year timetable for withdrawal",Washington Examiner,2019-11-04
THE WORLD; U.S. begins formal Paris accord exit; Trump's withdrawal from the landmark climate agreement will take another year to complete.,Los Angeles Times,2019-11-05
Paris withdrawal: Trump officially turns his back on climate crisis and our own children,USA Today (Online),2019-11-06
"Trump retreats on climate leadership: As he threatened, president starts a U.S. withdrawal from the Paris agreement.",Star Tribune,2019-11-10
"Paris accord one-sided, economically unfair: Trump again justifies US' withdrawal from climate agreement",Asian News International,2019-11-13
"2019 Year In Review; Bill Kaufmann looks back at a year filled with money trouble, climate change news, scandals and court tangles - and much ado about Trump",Calgary Herald,2019-12-31
Fate of ‘forever chemicals’ with Trump EPA as House passes bill scorned by Senate GOP,Washington Examiner,2020-01-10
Trump's EPA is said to cut scientists out of new water policy that threatens New England wetlands,Boston Globe (Online),2020-01-18
Trump knocks climate change 'prophets of doom' in speech attended by Greta Thunberg,Washington Examiner,2020-01-21
"Trump’s Davos talk shows he’s no Thatcher: U.S. President dismisses environmental activists in speech that would have been loathed by former British PM, who was ahead of her time on climate change",The Globe and Mail,2020-01-22
Donald Trump promises instant 'reaction' in crackdown on Brussels' climate change policy,Express (Online),2020-01-27
‘Truly sad’: Sanders condemns Trump for omitting climate change in State of the Union speech,Washington Examiner,2020-02-04
'Who?': Trump mocks teenage climate activist Greta Thunberg during CPAC speech,Washington Examiner,2020-02-29
Daily on Energy: Climate politics threaten bipartisan Senate energy bill meant to reach Trump's desk,Washington Examiner,2020-03-06
"Trump gutted protections for the Atlantic's only marine monument — now what?: In order to prevent the worst effects of climate change, scientists say 30 percent of America's land and ocean must be protected by 2030, a goal supported by 86",Boston Globe,2020-06-09
Trump bans oil drilling off state's Atlantic coast President signs order at Jupiter Inlet Lighthouse,South Florida Sun - Sentinel,2020-09-09
CALIFORNIA WILDFIRES; Newsom assails Trump over 'climate damn emergency'; Governor also signs Assembly bill to make it easier for inmate firefighters to get licensed upon release.,Los Angeles Times,2020-09-13
Biden attacks Trump's climate policy as wildfire ravages U.S. west coast,People's Daily,2020-09-15
Biden calls Trump a 'climate arsonist': Wildfires on West Coast fuel criticism in speech,The News Journal,2020-09-15
Biden attacks Trump's climate policy as wildfire ravages west coast,IANS English,2020-09-15
Trump signs order to protect hydraulic fracking,Asian News International,2020-11-01
Trump Says He Signed Executive Order to Protect Fracking,The Epoch Times,2020-11-02
Biden moves to unravel key Trump policy calls: ? President-elect pledges to halt WHO exit and re-enter Paris climate accord ? Pandemic task force announced as incumbent repeats 'stolen' vote claims [Asia Region],Financial Times,2020-11-09
Biden moves to unravel key Trump policy calls: ? President-elect pledges to halt WHO exit and re-enter Paris climate accord ? Pandemic task force announced as incumbent repeats 'stolen' vote claims,Financial Times,2020-11-09
Biden moves to unravel key Trump policy calls: ? President-elect pledges to halt WHO exit and re-enter Paris climate accord ? Pandemic task force announced as incumbent repeats 'stolen' vote claims [Europe Region],Financial Times,2020-11-09
Biden moves to unravel key Trump policy calls: ? President-elect pledges to halt WHO exit and re-enter Paris climate accord ? Pandemic task force announced as incumbent repeats 'stolen' vote claims [Middleeast Region],Financial Times,2020-11-09
Biden moves to unravel key Trump policy calls: ? President-elect pledges to halt WHO exit and re-enter Paris climate accord ? Pandemic task force announced as incumbent repeats 'stolen' vote claims [Usa Region],Financial Times,2020-11-09
What Biden's election means for climate action: Trump's withdrawal from the deal kicked off a race to the bottom,Irish Independent,2020-11-14
Trump savages Paris Agreement in scathing G20 summit speech - ‘Kill the American economy!',Express (Online),2020-11-23
New Trump EPA policy would rule out emissions controls for all industries but power plants,Washington Examiner,2021-01-12
Biden promises a new era in climate policy-but first he must undo Trump’s damage,Telegraph.co.uk,2021-01-19
"Biden presidency is likely to deviate from Trump administration on foreign policy, climate change, race relations",Indian Express,2021-02-11
EPA reverses Trump policy that loosened clean-air rules,Philadelphia Tribune,2021-05-14
"Biden freezes Arctic drilling rights sold before Trump left office: Environmental review The Biden administration has announ- ced it will suspend the Arctic oil drilling rights sold in the last days of Donald Trump's presidency, reversing a policy of the previous",Financial Times,2021-06-03
U.S. News: EPA Poised to Revise Clean-Water Rules --- New regulatory process is designed to expand protections and undo policy under Trump,Wall Street Journal,2021-06-10
Former Trump EPA Official Questions Court Order Striking Down Key Water Rule,The Epoch Times,2021-09-13
"Biden says 'I guess I shouldn't apologize, but I do apologize' for the Trump administration's withdrawal from the Paris climate accord",Business Insider,2021-11-01
Biden apologizes to counterparts for Trump-era inaction on climate policy,The Washington Post,2021-11-02
Solar chief attacks Biden's climate policy: Energy Solv boss claims mixed messages are worse than Trump amid tariff probe,Financial Times,2022-04-04
"Trump blasts the Democratic-led climate and tax bill, says 'old broken crow' Mitch McConnell was 'taken for a ride' by Joe Manchin",Business Insider,2022-08-06
Critics say the Trump-era wetland rules not for Fla.: Groups inform EPA state still using policy rejected in court 2 years ago,The News Press,2023-02-21
"Conservative Arizona lawmaker used campaign cash for Jan. 6 travel, complaint alleges Arizona Republic A Democratic voter and liberal group accuse conservative state Sen. Anthony Kern of misusing campaign cash in his travel to Washington on",Yellow Sheet Report,2023-11-01
Trade Policy and Clean Energy Investments Will Be Key Issues in Likely Trump-Biden Rematch: [Business/Financial Desk],New York Times,2024-01-29
Climate Change Bill: Zim's trump card,The Herald,2024-06-28
Mr. Trump is bad for green policy. Ms. Harris could be better.,The Washington Post,2024-08-18
Get rid of all cows’: Trump campaign spreads myths about Harris’s climate policy,The New Vision,2024-08-18
"Harris, Trump sharply split on climate policy: Where both candidates stand on key issues",The Daily World,2024-08-25
What Trump can do to reverse US climate policy − and what he probably can’t change,The Conversation : Environment + Energy,2024-11-07
"Liberals, Trump diverge on climate policy; Ottawa brags about carbon tax while president-elect set to axe green agenda",Calgary Herald,2024-11-13
"Liberals, Trump diverge on climate change policy; Ottawa brags about carbon tax while president-elect set to axe green agenda",Edmonton Journal,2024-11-13
Trump should listen to Exxon on climate policy reversals,Bangor Daily News,2024-11-14
"Liberals, Trump climate policy opposites; Ottawa brags about carbon tax while president-elect set to axe green agenda",Star - Phoenix,2024-11-15
Climate change experts gird for policy fight with Trump,USA TODAY,2024-11-20
Trump's re-election sparks climate policy shift: US at a crossroads amid global action,The Pioneer,2024-11-23
Global markets are likely to withstand a Trump-led US withdrawal from the Paris Agreement,EveningReport.nz,2024-12-04
"As Teenagers, They Protested Trump’s Climate Policy. Now What?",New York Times,2024-12-11
"Trump's climate picks worry green advocates: Local leaders highlight resilience, bipartisan efforts, and economic benefits amid shifting federal policy",Rochester Democrat and Chronicle,2024-12-16
Biden order expands Trump's offshore drilling ban from 2020,The Louisiana Weekly,2025-01-13
"In sweeping orders, Trump aims to remake federal policy on border, gender, climate change",USA Today (Online),2025-01-20
President Donald Trump signs executive order withdrawing US from Paris climate accord,The Hindustan Times,2025-01-21
VIDEO: Trump signs order to pull US out of Paris climate agreement,The New Vision,2025-01-21
"Trump executive orders target climate, immigration policy, federal employees",Yerepouni Daily News,2025-01-21
"Two US govs dare Trump, vow to continue action on climate change despite Paris withdrawal",Vanguard,2025-01-21
President Donald Trump’s announcement of US pullout from 2015 Paris Agreement sparks uncertainty,The Telegraph (India),2025-01-22
Trump's second withdrawal from Paris Agreement to cast a shadow over global climate action and new mitigation pledges [US],The Times of India,2025-01-22
Express View on Trump’s withdrawal from Paris Accord: Climate change challenge just got more challenging,Indian Express,2025-01-22
Waaree Energies sinks 7% amid renewable energy stocks rout on Trump policy fears [Stock in news],The Economic Times,2025-01-22
United States: Trump signs executive order withdrawing US from Paris Climate Agreement again,Asia News Monitor,2025-01-23
CEO of World’s Largest Sovereign Wealth Fund Disagrees with Trump’s Climate Policy,The New York Observer,2025-01-24
World: Donald Trump signs executive order to withdraw US from Paris Climate Accord,Asia News Monitor,2025-01-24
Officials reviewing Trump's electric vehicle order,Battle Creek Enquirer,2025-01-26
Waaree Energies shares plunge 9% as renewable energy selloff deepens on Trump policy fears [Stock in news],The Economic Times,2025-01-27
Trump order freezes funding for Illinois EV charging network: Move raises questions about other clean energy projects,Chicago Tribune,2025-01-27
India should double down on climate action in the face of Trump's policy rollback,Mint,2025-02-12
"In Modi-Trump statement, climate mitigation and renewable energy find no mention; oil and gas feature prominently",Indian Express,2025-02-14
Trump hits roadblock on offshore drilling: Biden's last-minute ban under 1953 law has more weight than an executive order,Indianapolis Star,2025-02-16
How Trump’s Paris Climate Agreement withdrawal impacts Zimbabwe and the path forward,The Zimbabwean,2025-02-18
Trump Plan to Repeal Climate Policy Could Upend Shift to Electric Cars,New York Times,2025-02-26
