Title,Source,Date,Title_Translated
"BACK STORY; Trump's old-energy plan nears a crucial juncture; As his administration's fossil-fuel 'dominance' policy founders, a decision on whether to impose solar panel tariffs looms as pivotal",Los Angeles Times,11 Jan 2018: A.2.,배경 이야기; 트럼프의 오래된 에너지 계획은 중요한 시점에 가까워지고 있습니다; 그의 행정부의 화석 연료 '지배력' 정책 수립자로서 태양광 패널 관세 부과 여부에 대한 결정이 중요하게 다가오고 있습니다
Trump signs bill squashing Obama-era financial rule for fossil fuels,Washington Examiner,14 Feb 2017.,"트럼프, 화석 연료에 대한 오바마 시대의 금융 규칙을 무너뜨리는 법안 서명"
Trump Stresses Fossil Fuel Agenda In Energy Policy Speech,RTTNews,Williamsville. 23 Sep 2016.,"트럼프, 에너지 정책 연설에서 화석 연료 의제 강조"
Trump's energy policy perils; His embrace of fossil fuels and plans to undo the steps by Obama put the environment at risk.,Los Angeles Times,22 Nov 2016: A.12.,"트럼프의 에너지 정책은 위험에 처해 있으며, 화석 연료에 대한 그의 포용과 오바마의 조치를 되돌리려는 계획은 환경을 위험에 빠뜨립니다."
"Foolish & costly; Moves by universities, municipalities and individuals to divest equities in fossil fuels, especially after President Trump announced the U.S. withdrawal from the Paris climate agreement, often amount to cutting off one's nose",Tribune - Review / Pittsburgh Tribune - Review,29 June 2017.,"어리석고 비용이 많이 듭니다; 특히 트럼프 대통령이 파리 기후 협정에서 미국의 탈퇴를 발표한 후 대학, 지방 자치 단체 및 개인이 화석 연료에 대한 주식을 매각하려는 움직임은 종종 코를 자르는 것과 같습니다"
Trump's gift to coal industry sets bad policy,The Poughkeepsie Journal,23 Aug 2018: A.9.,석탄 산업에 대한 트럼프의 선물은 나쁜 정책을 세웁니다
Trump rebuffs coal industry's push to invoke emergency order,The Globe and Mail,23 Aug 2017: B.3.,"트럼프, 석탄 산업의 긴급 명령 발동 추진을 거부하다"
Trump: Blame green policy,The Herald,Glasgow (UK). 20 Sep 2014: 4.,트럼프: 친환경 정책 탓
"TRUMP EASES OIL DRILLING RULES: The order, crafted to create high-paying jobs, faces a Florida backlash.",Tampa Bay Times,Tampa Bay. 29 Apr 2017: 2.,"트럼프, 석유 시추 규정 완화: 고임금 일자리 창출을 위해 만들어진 이 명령은 플로리다의 반발에 직면해 있습니다."
"Feds must ban offshore drilling near Florida: Despite election-year assurances from Rick Scott and President Trump, a special Florida exemption was never made official in law or policy.",Pensacola News Journal,28 Apr 2019: F.8.,연준은 플로리다 인근 해상 시추를 금지해야 합니다: 릭 스콧과 트럼프 대통령의 선거 연도 보장에도 불구하고 플로리다 특별 면제는 법이나 정책에서 공식화되지 않았습니다.
Trump Is Expected to Sign Order To Relax Offshore Drilling Curbs: [National Desk],New York Times,28 Apr 2017: A.22.,"트럼프, 해상 시추 제한 완화 명령에 서명할 것으로 예상됩니다: [내셔널 데스크]"
Experts: Long road ahead for offshore drilling order: Yearslong battle expected over Trump's authority,Corpus Christi Caller - Times,Corpus Christi. 30 Apr 2017: A.4.,전문가: 해양 시추 주문에는 아직 갈 길이 멀다: 트럼프의 권위를 둘러싼 수년간의 싸움이 예상됩니다
Trump order seeks to expand offshore drilling,The Washington Post,29 Apr 2017: A.2.,"트럼프 명령, 해상 시추 확대 모색"
Trump order aims to expand oil drilling,Telegraph - Herald,"Dubuque, Iowa. 29 Apr 2017: B.5.",트럼프 명령은 석유 시추 확대를 목표로 합니다
Experts: Long road ahead for Trump offshore drilling order,The Gazette,29 Apr 2017.,전문가: 트럼프 해양 시추 명령에는 아직 갈 길이 멀다
"Biden freezes Arctic drilling rights sold before Trump left office: Environmental review The Biden administration has announ- ced it will suspend the Arctic oil drilling rights sold in the last days of Donald Trump's presidency, reversing a policy of the previous",Financial Times,London (UK). 03 June 2021: 4.,"바이든, 트럼프 퇴임 전 판매된 북극 시추권 동결: 환경 검토 바이든 행정부는 도널드 트럼프 대통령 재임 마지막 날에 판매된 북극 석유 시추권을 중단하겠다고 발표하여 이전 정책을 뒤집었습니다"
Trump signs executive order to expand offshore drilling: But it will take years to rewrite federal leasing plans and open up these areas to drilling,The Business Times,Singapore. 01 May 2017.,"트럼프, 해양 시추 확대를 위한 행정 명령 서명: 하지만 연방 임대 계획을 다시 작성하고 이러한 지역을 시추에 개방하는 데는 수년이 걸릴 것입니다"
Governor supports Trump's offshore oil drilling policy: Environmental groups express their opposition,Hattiesburg American,17 Jan 2018: A.8.,주지사는 트럼프의 해상 석유 시추 정책을 지지합니다: 환경 단체들은 반대 의사를 표명합니다
Portland council resists oil drilling off coast: Its resolution for nearby waters to be exempt from Trump's exploration order will go to federal agencies.,Portland Press Herald,06 Feb 2018: B.2.,포틀랜드 의회는 해안에서 석유 시추에 저항합니다: 트럼프의 탐사 명령에서 인근 해역을 면제하기로 한 결의안은 연방 기관에 전달될 것입니다.
Oil drilling could bring artificial island: Trump order opens area that was previously off-limits,The Gleaner,Henderson. 27 Oct 2017: A.6.,석유 시추는 인공 섬을 가져올 수 있습니다: 트럼프 명령으로 이전에는 출입 금지였던 지역이 개방됩니다
Trump to sign order to open up more offshore drilling,Washington Examiner,27 Apr 2017.,"트럼프, 더 많은 해양 시추 개방 명령 서명"
Offshore drilling: Miss. groups want protection; Bryant supports Trump policy,The Clarion Ledger,16 Jan 2018: A.4.,해상 시추: 미스 그룹은 보호를 원하고 브라이언트는 트럼프 정책을 지지합니다
Democrats to mark Trump's tax bill's anniversary with effort to repeal Arctic oil drilling,Washington Examiner,19 Nov 2018.,"민주당, 북극 석유 시추 폐지 노력으로 트럼프 세금 법안 제정 기념일 기념식 개최"
Trump signs executive order aimed at opening Arctic oil drilling,Telegraph-Journal,29 Apr 2017: A.16.,"트럼프, 북극 석유 시추 개시를 목표로 한 행정 명령 서명"
"Trump: 'We're opening it up.'; Offshore drilling back on: Executive order seeks to reverse protections, could affect Va. coastal waters",Daily Press,29 Apr 2017: A.1.,"트럼프: '우리는 그것을 개방하고 있습니다'; 해상 시추 재개: 행정 명령은 보호를 되돌리려 하며, 버지니아 연안 해역에 영향을 미칠 수 있습니다"
Trump signs executive order to expand offshore oil drilling,People's Daily,Beijing. 29 Apr 2017.,"트럼프, 해상 석유 시추 확대를 위한 행정 명령 서명"
"Saturday, Jan. 13, 2018: University censorship troubling, Trump's reckless oil drilling order, refuting 'Fire and Fury'",Bangor Daily News,12 Jan 2018.,"2018년 1월 13일 토요일: 대학 검열 문제, 트럼프의 무모한 석유 시추 명령, '화염과 분노' 반박"
Sen. Bill Nelson threatens to block Trump from dismantling offshore drilling rules,Washington Examiner,03 Jan 2018.,"빌 넬슨 상원의원, 트럼프의 해상 시추 규칙 해체를 막겠다고 위협하다"
United States: Trump Signs Order Opening Arctic for Oil Drilling,Asia News Monitor,Bangkok. 02 May 2017.,"미국: 트럼프, 석유 시추를 위한 북극 개방 명령 서명"
U.S. News: Trump Order Eases Offshore Drilling,Wall Street Journal,29 Apr 2017: A.3.,미국 뉴스: 트럼프 명령으로 해상 시추 완화
Trump Is Expected to Sign Order To Relax Offshore Drilling Curbs,New York Times (1923-),28 Apr 2017: A22.,"트럼프, 해상 시추 제한 완화 명령 서명 예정"
Trump signs order to increase offshore oil drilling,Washington Examiner,28 Apr 2017.,"트럼프, 해상 석유 시추 증가 명령 서명"
"Alaska judge blocks Trump's executive order, restores offshore drilling ban in Arctic Ocean",USA Today (Online),Arlington. 31 Mar 2019.,"알래스카 판사, 트럼프 행정명령 저지, 북극해 해상 시추 금지 복원"
Leaders: Oil drilling order will hurt coast; Trump rolls back regulations implemented under Obama,Orlando Sentinel,02 May 2017: B.1.,"리더: 석유 시추 명령은 해안에 타격을 줄 것입니다. 트럼프, 오바마 정부에서 시행한 규제 철회"
Trump bans oil drilling off state's Atlantic coast President signs order at Jupiter Inlet Lighthouse,South Florida Sun - Sentinel,09 Sep 2020: A.1.,"트럼프, 주 대서양 연안에서 석유 시추 금지 대통령, 주피터 인렛 등대에서 명령 서명"
BILL NELSON SAYS DONALD TRUMP INTENDS TO EXPAND OIL DRILLING,Tampa Bay Times,Tampa Bay. 22 Nov 2016.,"빌 넬슨, 도널드 트럼프가 석유 시추를 확대할 계획이라고 말하다"
"Thanks for exposing schools' bad practices; For Trump, added oil drilling should start close to home; Republican tax law analysis too little, too late, Sen. Rubio; President's tweets are rants and word noise, not policy",South Florida Sun - Sentinel,07 Jan 2018: A.20.,학교의 나쁜 관행을 폭로해 주셔서 감사합니다. 트럼프에게는 추가 석유 시추가 집 근처에서 시작되어야 합니다. 공화당 세법 분석은 너무 적거나 너무 늦었습니다. 루비오; 대통령의 트윗은 정책이 아닌 폭언과 단어 소음입니다
"Trump retreats on climate leadership: As he threatened, president starts a U.S. withdrawal from the Paris agreement.",Star Tribune,10 Nov 2019: OP.2.,트럼프는 기후 리더십에 대해 후퇴합니다: 위협한 대로 대통령은 파리 협정에서 미국의 탈퇴를 시작합니다.
"Climate decision condemned: Scott, Leahy, Sanders, Welch all criticize Trump's announcement on Paris agreement",The Burlington Free Press,02 June 2017: A.7.,"기후 결정이 비난받았다: 스콧, 리히, 샌더스, 웰치는 모두 트럼프의 파리 협정 발표를 비판합니다"
Trump exposes climate deal: Power plants executive order shows that Paris Agreement is a paper tiger,USA TODAY,30 Mar 2017: A.7.,"트럼프, 기후 협정 폭로: 발전소 행정 명령은 파리 협정이 종이 호랑이임을 보여줍니다"
Holcomb lauds climate rules slash: Governor: Trump order to unravel Clean Power Plan frees state from overregulation,Indianapolis Star,29 Mar 2017: A.1.,"홀콤은 기후 규칙 삭감을 칭찬합니다: 주지사: 트럼프, 청정 전력 계획 해제 명령으로 주정부가 과도한 규제에서 자유로워지다"
"Cities, states take up climate fight: Efforts to cut emissions locally proceed, despite Trump's order to repeal the Clean Power Plan",Dayton Daily News,"Dayton, Ohio. 02 Apr 2017: Wapo.8.","도시와 주, 기후 싸움에 나서다: 트럼프의 청정 전력 계획 폐지 명령에도 불구하고 지역적으로 배출량을 줄이기 위한 노력이 진행되고 있습니다"
TVA expects no impact from Trump's order: Executive order reverses former rules about clean power,The Tennessean,31 Mar 2017: A.5.,TVA는 트럼프의 명령이 영향을 미치지 않을 것으로 예상합니다: 청정 전력에 대한 이전 규칙을 뒤집는 행정 명령
"EPA science under Trump gag order: Studies, data must undergo political review before release to public; but no mention of climate change",Waterloo Region Record,26 Jan 2017.,"트럼프의 개그 명령에 따른 EPA 과학: 연구, 데이터는 공개되기 전에 정치적 검토를 거쳐야 하지만 기후 변화에 대한 언급은 없습니다"
"President Trump goes in reverse on the environment: Fundamental dishonesty is at the heart of Trump's executive order, which seeks to unravel large parts of former President Barack Obama's climate change policy.",Newsday,29 Mar 2017.,트럼프 대통령은 환경에 대해 반대 입장을 취합니다: 근본적인 부정직함은 버락 오바마 전 대통령의 기후 변화 정책의 상당 부분을 해결하려는 트럼프 행정명령의 핵심입니다.
power struggle: Clean energy plan supporters will fight Trump's coal order,The Spectrum,"St. George, Utah. 30 Mar 2017: A.5.",권력 투쟁: 청정 에너지 계획 지지자들은 트럼프의 석탄 질서에 맞서 싸울 것입니다
"Trump's climate policy and N.J.: Rough seas ahead: Scientists: Order could harm air quality, shore conditions",North Jersey Herald News,Passaic. 29 Mar 2017: A.6.,트럼프의 기후 정책과 뉴저지: 험난한 바다 앞: 과학자들: 주문은 대기 질과 해안 조건에 해를 끼칠 수 있습니다
"Farmers relieved by Trump order to look at EPA rule: EPA to review, revise Clean Water Act rule president called a 'power grab'",Lansing State Journal,19 Mar 2017: A.3.,"트럼프 대통령이 EPA 규칙을 검토하라는 명령에 안도하는 농부들: EPA, '권력 장악'이라고 불리는 깨끗한 물법 규칙을 검토하고 개정하다"
Trump's order to undo climate change policies is a setback to Paris Agreement,The New Times,Kigali. 04 Apr 2017.,기후 변화 정책을 되돌리라는 트럼프의 명령은 파리 협정에 차질을 빚고 있습니다
"16 Years Later, Bush's Climate Pact Withdrawal Holds Lessons for Trump: [National Desk]",New York Times,05 June 2017: A.15.,"16년 후, 부시의 기후 협약 탈퇴는 트럼프에게 교훈을 줍니다: [내셔널 데스크]"
Clean energy policy slashed; EPA finalizes Trump's rollback of key Obama rule that targeted coal plants,Hartford Courant,20 June 2019: A.1.,"청정 에너지 정책 삭감, EPA, 석탄 발전소를 겨냥한 트럼프의 오바마 주요 통치 철회 확정"
May under fire for Trump 'subservience': PM criticised for response to US climate change deal withdrawal,The Scotsman,Edinburgh (UK). 03 June 2017: 15.,트럼프 '섭외'로 비난받을 수 있습니다: 미국 기후 변화 협정 철회에 대한 대응으로 비판받는 총리
Trump Plans to Begin E.P.A. Rollback With Order on Clean Water: [Washington],New York Times,01 Mar 2017.,"트럼프, E.P.A. 시작 계획. 깨끗한 물 주문으로 롤백하기: [워싱턴]"
How Trump turned the lights out in Marrakesh: His victory likely to spur withdrawal of funding for climate change efforts,The Pretoria News,Pretoria. 11 Nov 2016: 10.,트럼프가 마라케시에서 불을 끈 방법: 그의 승리는 기후 변화 노력을 위한 자금 인출을 촉진할 가능성이 높습니다
"Farmers relieved by Trump order: EPA to review, revise rule president called a 'power grab'",Lansing State Journal,15 Mar 2017: A.2.,"트럼프 명령에 안도하는 농부들: EPA, '권력 장악'이라고 불리는 규칙 대통령 검토 및 수정"
What Biden's election means for climate action: Trump's withdrawal from the deal kicked off a race to the bottom,Irish Independent,Dublin. 14 Nov 2020: 7.,바이든의 당선이 기후 행동에 미치는 영향: 트럼프의 거래 철회로 바닥을 향한 경쟁이 시작되었습니다
Farmers relieved by Trump order: EPA to review and revise WOTUS rule president called a 'power grab',Lansing State Journal,19 Mar 2017: A.4. [중복],"트럼프 명령으로 농부들이 안도합니다: EPA, WTO 미국 규칙 대통령을 '권력 장악'이라고 검토하고 수정하다"
ON POLITICS; State's climate policy won't reverse; Governor vows to keep efforts in place regardless of whether Trump pulls U.S. out of Paris agreement.,Los Angeles Times,01 June 2017: B.2.,정치에 대해; 주 기후 정책은 역전되지 않을 것입니다; 주지사는 트럼프가 파리 협정에서 미국을 탈퇴시키든 말든 노력을 계속할 것을 다짐합니다.
Why the US should stay in the Paris climate agreement: This is a pivotal moment. Trump's executive order specifying plans to roll back Obama's climate policies was silent on the Paris accord,Boston Globe,21 Apr 2017: A.10.,미국이 파리 기후 협정에 머물러야 하는 이유: 지금이 중요한 순간입니다. 오바마의 기후 정책을 철회할 계획을 명시한 트럼프의 행정 명령은 파리 협정에 대해 침묵했습니다
Farmers relieved by Trump order: EPA to review and revise rule president called 'nothing but a power grab',Lansing State Journal,26 Mar 2017: A.6.,"트럼프 명령에 안도하는 농부들: EPA, '권력 장악'이라고 불리는 규칙 대통령을 검토하고 수정하다"
TRUMP SIGNS RULE TO BLOCK EFFORTS ON AIDING CLIMATE: Executive Order Is Intended to Dismantle Obama Plan on Curbing Carbon,New York Times (1923-),29 Mar 2017: A1.,"트럼프, 기후 지원 노력 차단 규칙 서명: 행정 명령은 오바마의 탄소 억제 계획을 해체하기 위한 것입니다"
Video uses Sinclair statement to show effect TV consolidation; NEWS BRIEFING; Staff and news services; Trump congratulates el-Sissi after election decried as sham; EPA says Pruitt's condo lease didn't violate ethics rules; Trump urges 'nuclear option' by,Hartford Courant,03 Apr 2018: A.3.,비디오는 싱클레어 성명을 사용하여 TV 통합 효과를 보여줍니다; 뉴스 브리핑; 직원 및 뉴스 서비스; 트럼프는 선거가 가짜라고 비난받은 후 엘 시시를 축하합니다; EPA는 프루이트의 콘도 임대가 윤리 규칙을 위반하지 않았다고 말합니다; 트럼프는 다음과 같은 방법으로 '핵 옵션'을 촉구합니다
Farmers relieved by order regarding Clean Water Act: EPA to review and revise rule Trump called a 'power grab',Lansing State Journal,19 Mar 2017: A.3.,"깨끗한 물 법에 관한 명령으로 농부들이 안도합니다: EPA, 트럼프가 '권력 장악'이라고 부르는 규칙 검토 및 수정"
"Canada firm on climate policy, despite Trump win: Ottawa: 'We're moving forward,' Environment Minister says at UN strategy summit",The Globe and Mail,18 Nov 2016: A.14.,트럼프가 승리했음에도 불구하고 캐나다는 기후 정책에 대해 확고한 입장을 취하고 있습니다: 오타와: '우리는 앞으로 나아가고 있습니다'라고 환경부 장관이 유엔 전략 정상 회담에서 말했습니다
Biden calls Trump a 'climate arsonist': Wildfires on West Coast fuel criticism in speech,The News Journal,15 Sep 2020: A.2.,"바이든은 트럼프를 '기후 방화범'이라고 부릅니다: 서부 해안의 산불, 연설에서 비판을 불러일으키다"
"Worried about wetlands: Trump signs order calling on the EPA to review water rules curtailing economic growth, leaving environmentalists fearful",Daily Times,01 Mar 2017: A.2.,"습지에 대해 걱정하고 있습니다: 트럼프, EPA에 경제 성장을 억제하는 물 규정을 검토할 것을 촉구하는 명령서에 서명하여 환경운동가들을 두려움에 떨게 합니다"
Climate betrayal; Our view: The EPA fiddles while Hurricane Florence demonstrates what Donald Trump's disastrous climate policy has ignored,The Baltimore Sun,12 Sep 2018: A.16.,기후 배신; 우리의 견해: 허리케인 플로렌스가 도널드 트럼프의 재앙적인 기후 정책이 무시한 것을 보여주는 동안 EPA는 만지작거리고 있습니다
Local farmers relieved by new order regarding the Clean Water Act: EPA to review and revise rule Trump called a 'power grab',Lansing State Journal,19 Mar 2017: A.6. [중복],"청정수법에 관한 새로운 명령에 안도하는 지역 농부들: EPA, 트럼프가 '권력 장악'이라고 부르는 규칙 검토 및 수정"
Trump policy is an opening for Canada: Climate action,Toronto Star,31 Mar 2017: A.12.,트럼프 정책은 캐나다에 개방적입니다: 기후 행동
Schwarzenegger backs Macron's attack on Trump climate policy: Digest,Scotland on Sunday,Edinburgh (UK). 25 June 2017: 24.,슈워제네거는 트럼프 기후 정책에 대한 마크롱의 공격을 지지합니다: 다이제스트
Trump to visit EPA for executive order signing,Washington Examiner,27 Mar 2017.,"트럼프, 행정명령 서명을 위해 EPA 방문"
Higgins. TAKES A VEILED SWIPE AT TRUMP IN SPEECH: Michael D uses inauguration to chastise leaders over climate change [Eire Region],Daily Mail,London (UK). 12 Nov 2018: 7.,히긴스. 연설에서 트럼프에게 베일에 싸여 있는 스와이프를 하다: 마이클 D는 취임식을 통해 기후 변화에 대해 지도자들을 꾸짖습니다 [에이어 지역]
Trump to slash and burn Obama climate policy: VIEW FROM THE US,Financial Times,London (UK). 14 Nov 2016: 9.,"트럼프, 오바마 기후 정책 삭감 및 소각: 미국에서 보기"
"Time for talk over, now act, Modi tells UN climate summit [Front Page]: Sceptic Trump Drops In To Hear PM's Speech",The Times of India (Online),New Delhi. 24 Sep 2019.,모디 총리가 유엔 기후 정상 회담에서 이야기할 시간입니다 [1면]: 회의적인 트럼프가 총리의 연설을 듣기 위해 들르다
"Trump's climate views are a trial for Trudeau: President-elect will shift U.S. energy policy to emphasize domestic sources of coal, oil and natural gas",The Globe and Mail,10 Nov 2016: B.3.,"트럼프의 기후 견해는 트뤼도에게 시련이 될 것입니다: 대통령 당선인은 미국 에너지 정책을 석탄, 석유, 천연가스의 국내 공급원을 강조하는 방향으로 전환할 것입니다"
Trump isolated on climate change as G20 summit ends: BUT US INCLUDED IN HARD-WON TRADE STATEMENT,Daily Post,Liverpool (UK). 10 July 2017: 17.,"트럼프, G20 정상회의 종료로 기후 변화에 고립: 하지만 미국은 어렵게 얻은 무역 성명에 포함되었습니다"
Trump urged to reconsider Paris Agreement withdrawal,Businessline,Chennai. 14 July 2017.,"트럼프, 파리 협정 탈퇴 재고 촉구"
Sullivan joins Trump for signing of executive order overturning EPA water rule,Alaska Dispatch News,Anchorage. 01 Mar 2017.,"설리번, EPA 물 규정을 뒤집는 행정명령 서명에 트럼프 합류"
"Doubts plague EPA-funded sites: Trump freezes the environmental agency's grants and contracts, then issues a gag order, making answers difficult to come by for several Maine officials.",Portland Press Herald,27 Jan 2017: A.1.,의심은 EPA가 자금을 지원하는 사이트를 괴롭힙니다: 트럼프는 환경청의 보조금과 계약을 동결한 다음 개그 명령을 내려 여러 메인주 관리들에게 답변을 제공하기 어렵게 만듭니다.
Trump's energy order diverts climate focus: Environmentalists protest president's 'new era' of production,The Post - Crescent,29 Mar 2017: B.2.,트럼프의 에너지 질서는 기후에 초점을 맞춥니다: 환경운동가들은 대통령의 '새로운 생산 시대'에 항의합니다
"higgins takes a veiled swipe at trump in speech: Michael D uses inauguration to chastise leaders over climate change [Eire Region Edition Value=""02s1""]",Daily Mail,London (UK). 12 Nov 2018: 7.,"히긴스는 연설에서 트럼프를 은밀하게 스와이프합니다: 마이클 D는 취임식을 통해 기후 변화에 대해 지도자들을 꾸짖습니다 [에이어 리전 에디션 가치=""02s1""]"
Australia ratifies Paris agreement amid fears of Trump withdrawal,Yerepouni Daily News,Beirut. 10 Nov 2016.,"호주, 트럼프 철수 우려 속에서 파리 협정 비준"
California's climate policy may be at risk: Federal waivers depend upon Trump's approval,The Desert Sun,04 Mar 2017: A.9.,캘리포니아의 기후 정책이 위험에 처할 수 있습니다: 연방 면제는 트럼프의 승인에 따라 달라집니다
"Trump’s Davos talk shows he’s no Thatcher: U.S. President dismisses environmental activists in speech that would have been loathed by former British PM, who was ahead of her time on climate change",The Globe and Mail,22 Jan 2020: B.4.,트럼프의 다보스 연설은 그가 대처가 아니라는 것을 보여줍니다: 미국 대통령은 기후 변화에 대해 시대를 앞서간 전 영국 총리가 싫어했을 환경 운동가들을 연설에서 해임합니다
Mountain people urge Trump to rethink Paris agreement withdrawal,Republica,Kathmandu. 12 June 2017.,산악인들은 트럼프에게 파리 협정 철회를 재고할 것을 촉구합니다
Three states unite to resist Trump's withdrawal from Paris Agreement,People's Daily,Beijing. 02 June 2017.,트럼프의 파리 협정 탈퇴에 저항하기 위해 세 개 주가 연합합니다
May uses UN address to rebuke Trump over Paris Agreement withdrawal,The Independent (Daily Edition),London (UK). 21 Sep 2017: 4.,"메이, 파리 협정 탈퇴에 대해 트럼프를 비난하기 위해 유엔 연설 사용"
Al Gore: Trump's withdrawal from Paris Agreement is a 'reckless and indefensible action',Washington Examiner,01 June 2017.,앨 고어: 트럼프의 파리 협정 탈퇴는 '무모하고 방어할 수 없는 행동'입니다
Trump Can Ax the Clean Power Plan by Executive Order,Wall Street Journal,Brussels. 22 Nov 2016: A.13.,트럼프는 행정 명령에 따라 청정 전력 계획을 철회할 수 있습니다
"Exxon chief has admirers, detractors: Trump's choice to lead state seen as pragmatic, a foe to climate policy.",Dayton Daily News,"Dayton, Ohio. 16 Dec 2016: SB.7.",엑손의 추장은 존경과 비방을 아끼지 않습니다: 트럼프가 국가를 이끌기로 한 선택은 기후 정책에 반대하는 실용적인 것으로 여겨집니다.
Here's how Al Gore thinks Trump's withdrawal from the Paris agreement can be reversed,Washington Examiner,12 Aug 2017.,앨 고어가 트럼프의 파리 협정 탈퇴가 되돌릴 수 있다고 생각하는 방법은 다음과 같습니다
A moral and a practical failure Trump's withdrawal from Paris Agreement weakens America's role in a global crisis,Daily Herald,45894.05,트럼프의 파리 협정 탈퇴로 인한 도덕적 및 실질적 실패는 글로벌 위기에서 미국의 역할을 약화시킵니다
EPA backfires in trying to praise Trump's climate order,Washington Examiner,30 Mar 2017.,트럼프의 기후 질서를 칭찬하려는 EPA의 반발
Trump savages Paris Agreement in scathing G20 summit speech - ‘Kill the American economy!',Express (Online),London (UK). 23 Nov 2020.,"트럼프, G20 정상 회담 연설에서 파리 협정을 맹렬히 비난하다 - '미국 경제를 죽여라!'"
"Rocky road for climate policy: Thanks to its receding economic heft, a Trump-led US pull out from the Paris deal will have a limited impact",DNA : Daily News & Analysis,Mumbai. 18 Jan 2017.,기후 정책을 위한 험난한 길: 경제적 무게감이 하락함에 따라 트럼프가 주도하는 미국의 파리 협정 탈퇴는 제한적인 영향을 미칠 것입니다
Trump Says He Signed Executive Order to Protect Fracking,The Epoch Times,New York (NY). 02 Nov 2020: A7.,"트럼프, 프래킹 보호를 위한 행정 명령에 서명했다고 말하다"
Trump ditches climate change in new national security strategy days after signing a bill calling it a 'direct threat',Washington Examiner,18 Dec 2017.,"트럼프, '직접적인 위협'이라는 법안에 서명한 지 며칠 만에 새로운 국가 안보 전략에서 기후 변화를 버리다"
State's climate policy powers at risk; Trump's EPA pick casts doubt on whether California can maintain stricter emissions standards.,Los Angeles Times,19 Jan 2017: A.1.,주 기후 정책은 위험에 처해 있습니다. 트럼프의 EPA 선택은 캘리포니아가 더 엄격한 배출 기준을 유지할 수 있을지 의문을 제기합니다.
Biden moves to unravel key Trump policy calls: ? President-elect pledges to halt WHO exit and re-enter Paris climate accord ? Pandemic task force announced as incumbent repeats 'stolen' vote claims,Financial Times,London (UK). 09 Nov 2020: 1.,"바이든, 트럼프의 주요 정책 통화를 풀기 위해 움직입니다: ? 대통령 당선인, WHO 탈퇴 중단 및 파리 기후 협정 재진입 약속? 현직 대통령이 '도난당한' 투표 주장 반복하면서 팬데믹 태스크포스 발표"
Trump's coal revival will make it harder to breathe: His executive order won't arrest the loss of jobs - but it could do a lot to hurt public health and the climate.,Portland Press Herald,31 Mar 2017: A.1.,"트럼프의 석탄 부흥은 숨쉬기를 더 어렵게 만들 것입니다: 그의 행정 명령은 일자리 상실을 막지는 못하겠지만, 공중 보건과 기후에 큰 타격을 줄 수 있습니다."
Mayor: Trump goofed when he evoked Pittsburgh in Paris agreement announcement,Washington Examiner,01 June 2017.,시장: 트럼프가 파리 협정 발표에서 피츠버그를 자극했을 때 장난쳤다
Biden moves to unravel key Trump policy calls: ? President-elect pledges to halt WHO exit and re-enter Paris climate accord ? Pandemic task force announced as incumbent repeats 'stolen' vote claims [Asia Region],Financial Times,London (UK). 09 Nov 2020: 1.,바이든은 트럼프의 주요 정책 요구를 해결하기 위해 움직입니다: ? 대통령 당선인은 WHO 탈퇴를 중단하고 파리 기후 협정에 다시 참여하겠다고 약속합니까? 현직 대통령이 '도난당한' 투표 주장을 반복하면서 팬데믹 태스크 포스가 발표되었습니다 [아시아 지역]
Biden moves to unravel key Trump policy calls: ? President-elect pledges to halt WHO exit and re-enter Paris climate accord ? Pandemic task force announced as incumbent repeats 'stolen' vote claims [Europe Region],Financial Times,London (UK). 09 Nov 2020: 1.,바이든은 트럼프의 주요 정책 요구를 해결하기 위해 움직입니다: ? 대통령 당선인은 WHO 탈퇴를 중단하고 파리 기후 협정에 다시 참여하겠다고 약속합니까? 현직 대통령이 '도난당한' 투표 주장을 반복하면서 팬데믹 태스크 포스가 발표되었습니다 [유럽 지역]
Biden moves to unravel key Trump policy calls: ? President-elect pledges to halt WHO exit and re-enter Paris climate accord ? Pandemic task force announced as incumbent repeats 'stolen' vote claims [Middleeast Region],Financial Times,London (UK). 09 Nov 2020: 1.,바이든은 트럼프의 주요 정책 요구를 해결하기 위해 움직입니다: ? 대통령 당선인은 WHO 탈퇴를 중단하고 파리 기후 협정에 다시 참여하겠다고 약속합니까? 현직 대통령이 '도난당한' 투표 주장을 반복하면서 팬데믹 태스크 포스가 발표되었습니다 [중동 지역]
Biden moves to unravel key Trump policy calls: ? President-elect pledges to halt WHO exit and re-enter Paris climate accord ? Pandemic task force announced as incumbent repeats 'stolen' vote claims [Usa Region],Financial Times,London (UK). 09 Nov 2020: 1.,바이든은 트럼프의 주요 정책 요구를 해결하기 위해 움직입니다: ? 대통령 당선인은 WHO 탈퇴를 중단하고 파리 기후 협정에 다시 참여하겠다고 약속합니까? 현직 대통령이 '도난당한' 투표 주장을 반복하면서 팬데믹 태스크 포스가 발표되었습니다 [미국 지역]
United States: Main Points in Trump Climate Policy Executive Order,Asia News Monitor,Bangkok. 30 Mar 2017.,미국: 트럼프 기후 정책 행정명령의 주요 사항
"Legislation would end Dominion rate fix: Freeze was enacted in response to Clean Power Plan, which could end under Trump: Politics",Daily Press,15 Jan 2017: A.3.,법률은 도미니언의 금리 고정을 종료할 것입니다: 트럼프 정부 하에서 종료될 수 있는 청정 전력 계획에 대응하여 동결이 제정되었습니다: 정치
Pingree's speech guest: Climate policy expert Joel Clement blew the whistle in 2017 on alleged efforts by Trump's administration to 'silence science.',Portland Press Herald,01 Feb 2019: A.1.,핑리의 연설 게스트: 기후 정책 전문가 조엘 클레멘트는 2017년 트럼프 행정부의 '침묵 과학' 노력에 대해 호루라기를 불었습니다
Democrats Introduce Bill To Rescind Trump's Anti-Climate Executive Order,RTTNews,Williamsville. 31 Mar 2017.,"민주당, 트럼프의 반기후 행정 명령 철회를 위한 법안 발의"
Video on Deadspin illustrates Sinclair stations' messaging; NEWS BRIEFING; Staff and news services; Trump congratulates el-Sissi after election decried as sham; EPA says Pruitt's condo lease didn't violate ethics rules; Trump urges 'nuclear option' by,Orlando Sentinel,03 Apr 2018: A.4.,데드스핀의 비디오는 싱클레어 방송국의 메시지를 보여줍니다; 뉴스 브리핑; 직원 및 뉴스 서비스; 트럼프는 선거가 가짜라고 비난받은 후 엘 시시를 축하합니다; EPA는 프루이트의 콘도 임대가 윤리 규칙을 위반하지 않았다고 말합니다; 트럼프는 다음과 같은 방법으로 '핵 옵션'을 촉구합니다
Trump order signals change over clean energy,Western Mail,Cardiff (UK). 29 Mar 2017: 2.,"트럼프 명령, 청정 에너지에 대한 변화 신호"
Landmark Clean Power policy likely doomed in Trump presidency,Arizona Capitol Times,28 Nov 2016.,트럼프 대통령 임기에 끝날 것으로 보이는 획기적인 청정 전력 정책
Rep. Gallego Statement on the Trump Administration's Repeal of the Clean Power Plan,Yellow Sheet Report,Phoenix. 10 Oct 2017.,트럼프 행정부의 청정 전력 계획 폐지에 대한 갈레고 의원 성명서
Trump to sign executive order undoing Obama's clean power plan,Asian News International,New Delhi. 27 Mar 2017.,"트럼프, 오바마의 청정 전력 계획을 취소하는 행정 명령 서명"
"Trump gutted protections for the Atlantic's only marine monument — now what?: In order to prevent the worst effects of climate change, scientists say 30 percent of America's land and ocean must be protected by 2030, a goal supported by 86",Boston Globe,09 June 2020: A.10.,"트럼프는 대서양의 유일한 해양 기념물에 대한 보호 조치를 철회했습니다. 기후 변화의 최악의 영향을 막기 위해 과학자들은 2030년까지 미국 국토와 해양의 30%를 보호해야 한다고 말하며, 이 목표는 86개국이 지지하는 것입니다"
President Trump's executive order will undo Obama's Clean Power Plan rule,USA Today (Online),Arlington. 27 Mar 2017.,트럼프 대통령의 행정 명령은 오바마의 청정 전력 계획 규칙을 되돌릴 것입니다
Trump order on clean power to hit Paris pact; poor nations to lose funding,Businessline,Chennai. 29 Mar 2017.,"트럼프, 파리 협정 체결을 위한 청정 권력 명령, 가난한 국가들의 자금 손실"
House bill cancels most of Trump's clean energy cuts,Washington Examiner,27 June 2017.,"하원 법안, 트럼프의 청정 에너지 감축 대부분 취소"
Trump announces US withdrawal from Paris climate deal,The Filipino Express,"Jersey City. 02 June 2017: 1,4,7.","트럼프, 파리 기후 협정 탈퇴 발표"
"Clean Power Plan undone by Trump executive order, reining in one of Obama's costliest regulations",Washington Examiner,28 Mar 2017.,"트럼프 행정 명령으로 취소된 클린 파워 플랜, 오바마의 가장 비용이 많이 드는 규제 중 하나에 갇혀 있습니다"
"16 Years Later, Bush's Climate Pact Withdrawal Holds Lessons for Trump",New York Times (1923-),05 June 2017: A15.,"16년 후, 부시의 기후 협약 탈퇴로 트럼프에게 교훈을 안겨주다"
"Trump administration seeks delay in ruling on climate plan; WASHINGTON -- Hours after President Donald Trump signed an executive order seeking to undo his predecessor's efforts to curb climate change, his administration has asked a federal",Tribune - Review / Pittsburgh Tribune - Review,29 Mar 2017.,"트럼프 행정부, 기후 계획에 대한 판결 연기 요청; 워싱턴 -- 도널드 트럼프 대통령이 전임자의 기후 변화 억제 노력을 되돌리기 위한 행정 명령에 서명한 지 몇 시간 후, 그의 행정부는 연방 정부에 요청했습니다"
Senate confirms two Trump EPA nominees after Dourson withdrawal,Washington Examiner,14 Dec 2017.,"상원, 더슨 철수 후 트럼프 EPA 후보 2명 확정"
Trump signs order to protect hydraulic fracking,Asian News International,New Delhi. 01 Nov 2020.,"트럼프, 유압 프래킹 보호 명령 서명"
U.S. News: Trump Likely to End Climate Deal --- President weighs outright withdrawal or fewer emissions cuts; lobbying intensifies,Wall Street Journal,01 June 2017: A.4.,"미국 뉴스: 트럼프, 기후 협정 종료 가능성 --- 대통령, 전면 철회 또는 배출량 감축 검토, 로비 강화"
What will Donald Trump presidency mean for global and US climate policy? [Policy],The Economic Times,New Delhi. 11 Nov 2016.,도널드 트럼프 대통령직은 글로벌 및 미국 기후 정책에 어떤 의미가 있을까요? [정책]
Former Trump EPA Official Questions Court Order Striking Down Key Water Rule,The Epoch Times,New York (NY). 13 Sep 2021: A7.,"전 트럼프 EPA 관리, 법원 명령에 의문 제기 주요 물 규정 위반"
Bill to trump local bans on fracking advances,Naples Daily News,Naples. 03 Dec 2015: A.3.,프래킹 어드밴스에 대한 지역 금지 법안 통과
House OKs bill to trump local bans on fracking,Naples Daily News,Naples. 28 Jan 2016: A.3.,"하원, 프래킹에 대한 지역 금지 법안 통과"
Trump Climate Policy to Face New Questions,Wall Street Journal,18 Sep 2017: A.1.,새로운 질문에 직면한 트럼프 기후 정책
Trump Administration May Scrap Another Obama Climate Order,The Epoch Times,New York (NY). 18 Jan 2019: A4.,"트럼프 행정부, 또 다른 오바마 기후 질서 폐기할 수도"
"Trump says he was elected to represent Pittsburghers, not Parisians; President Trump thrust Pittsburgh into the international spotlight Thursday afternoon by referencing it in his speech about withdrawing the United States from the Paris climate pact. [Derived",Tribune - Review / Pittsburgh Tribune - Review,02 June 2017.,트럼프는 자신이 파리 시민이 아닌 피츠버그 시민을 대표하도록 선출되었다고 말합니다. 트럼프 대통령은 목요일 오후 파리 기후 협정 탈퇴 연설에서 미국을 언급하며 피츠버그를 국제적인 주목을 받게 했습니다. 파생된
Trump Announces Withdrawal From Paris Climate Agreement,RTTNews,Williamsville. 01 June 2017.,"트럼프, 파리 기후 협정 탈퇴 발표"
Obama 'criticises Trump' over climate pact withdrawal,IANS English,New Delhi. 06 Dec 2017.,"오바마, 기후 협약 탈퇴에 대해 '트럼프 비판'"
Trump pushes US withdrawal from Paris climate accord,Vietnam News Gazette,Hanoi. 24 Oct 2019.,"트럼프, 파리 기후 협정에서 미국의 탈퇴 추진"
Trump finalizes withdrawal from Paris climate deal [US],The Times of India,New Delhi. 01 June 2017.,"트럼프, 파리 기후 협정 탈퇴 확정 [미국]"
Plank denounces Trump's withdrawal from Paris climate accord,The Daily Record,02 June 2017.,"플랭크, 트럼프의 파리 기후 협정 탈퇴를 비난하다"
G7 environment ministers challenge Trump's climate change withdrawal,The Malta Independent,"Valletta, Malta. 16 June 2017.",G7 환경부 장관들이 트럼프의 기후 변화 철회에 이의를 제기하다
Hultgren backs Trump; Democrats decry Paris climate accord withdrawal,Daily Herald,02 June 2017.,"헐트그렌, 트럼프 지지; 민주당, 파리 기후 협정 탈퇴 비난"
Trump backers defend climate pact withdrawal despite wide criticism,Newsday,03 June 2017.,"트럼프 지지자들, 광범위한 비판에도 불구하고 기후 협약 탈퇴 옹호"
Cranley slams Trump's withdrawal from climate accord,Cincinnati Enquirer,"Cincinnati, Ohio. 03 June 2017: A.5.","크랜리, 트럼프의 기후 협정 탈퇴를 비난하다"
Paris Climate Deal Senators Urge Trump To Reconsider Withdrawal,RTTNews,Williamsville. 14 July 2017.,"파리 기후 협정 상원의원들, 트럼프에게 탈퇴 재고 촉구"
Trump Said to Plan Withdrawal From Landmark Climate Accord (1),Las Cruces Sun - News,01 June 2017.,"트럼프, 랜드마크 기후 협정 탈퇴 계획 발표 (1)"
Trump to announce 'withdrawal' from Paris climate deal - US official,Vanguard,Lagos. 01 June 2017.,"트럼프, 파리 기후 협정에서 '철회' 발표 - 미국 관리"
Trump Said to Plan Withdrawal From Landmark Paris Climate Accord,Las Cruces Sun - News,01 June 2017.,"트럼프, 파리 기후 협정 탈퇴 계획 발표"
Trump Said to Plan Withdrawal From Landmark Climate Accord (2),Las Cruces Sun - News,01 June 2017.,"트럼프, 랜드마크 기후 협정 탈퇴 계획 발표 (2)"
Trump to announce 'withdrawal' from Paris climate deal: US official,The New Vision,Kampala. 01 June 2017.,"트럼프, 파리 기후 협정에서 '철회' 발표: 미국 관리"
Why banks should care about Trump's climate-change withdrawal,American Banker,17 July 2017.,은행들이 트럼프의 기후 변화 탈퇴에 관심을 가져야 하는 이유
Climate agreement withdrawal: 'Trump just stepped on the gas' toward catastrophe,USA Today (Online),Arlington. 01 June 2017.,기후 협정 철회: 재앙을 향한 '트럼프가 방금 가스를 밟았다'
Anger as Trump announces US withdrawal from global climate deal,The New Vision,Kampala. 02 June 2017.,트럼프가 미국의 글로벌 기후 협정 탈퇴를 발표하자 분노하다
What Did Trump Just Do? The Paris Climate Withdrawal Explained,Las Cruces Sun - News,01 June 2017.,트럼프는 방금 무엇을 했나요? 파리 기후 탈퇴 설명
EU and China strengthen Paris climate deal as Trump eyes withdrawal,Eurasia Diary,Backu. 01 June 2017.,"트럼프 대통령의 탈퇴에 주목한 EU와 중국, 파리 기후 협정 강화"
Donald Trump to announce withdrawal from Paris climate change deal,Indian Express,Mumbai. 02 June 2017.,"도널드 트럼프, 파리 기후 변화 협정 탈퇴 발표"
Theresa May 'disappointed' at Trump's withdrawal from Paris climate agreement,Express (Online),London (UK). 02 June 2017.,"테레사 메이, 트럼프의 파리 기후 협정 탈퇴에 '실망'"
BREAKING: Theresa May 'disappointed' at Trump's withdrawal from Paris climate agreement,Express (Online),London (UK). 01 June 2017.,"속보: 테레사 메이, 트럼프의 파리 기후 협정 탈퇴에 '실망'"
Lawrence mayor takes stand against Trump's withdrawal from Paris climate agreement,Daily Journal World,06 June 2017.,"로렌스 시장, 트럼프의 파리 기후 협정 탈퇴에 반대하다"
China doubts U.S. climate pledge as Trump mulls Paris withdrawal,St. Louis Post - Dispatch,30 Apr 2017: A.7.,트럼프가 파리 철수를 검토하면서 중국은 미국의 기후 공약을 의심하고 있습니다
RAMESH PONNURU: Reaction to Trump's withdrawal from climate accord is overrblown,The Sun,03 June 2017.,라메쉬 포누루: 트럼프의 기후 협정 탈퇴에 대한 반응이 과장되었습니다
United States: Investors Bet Trump Climate Withdrawal to Boost US Drilling,Asia News Monitor,Bangkok. 06 June 2017.,미국: 투자자들은 미국 시추를 촉진하기 위해 트럼프 기후 철수에 베팅합니다
Trump's withdrawal from Paris Climate Accord a 'great disappointment' - UN,Vanguard,Lagos. 02 June 2017.,트럼프의 파리 기후 협정 탈퇴는 '큰 실망' - UN
"Trump's Pittsburgh reference riles mayor,President used Pittsburgh 'as stereotype,' 'and it missed completely,' Peduto says; President Trump thrust Pittsburgh into the international spotlight Thursday afternoon by referencing it in his speech about",Tribune - Review / Pittsburgh Tribune - Review,02 June 2017.,"트럼프의 피츠버그 시장, 대통령은 피츠버그를 '고정관념'으로 사용했고 '완전히 빗나갔습니다'라고 페두토는 말합니다. 트럼프 대통령은 목요일 오후 연설에서 피츠버그를 언급하며 국제적인 주목을 받게 했습니다"
Germany not mulling sanctions against US after Trump's climate pact withdrawal,Indian Express,Mumbai. 02 June 2017.,"독일, 트럼프의 기후 협정 탈퇴 후 미국에 대한 제재 검토하지 않음"
India committed to Paris climate deal even as Trump mulls withdrawal [Global Warming],The Economic Times,New Delhi. 02 June 2017.,트럼프가 탈퇴를 검토하는 동안에도 인도는 파리 기후 협정에 전념 [지구 온난화]
Mars invests $1bn to fight Donald Trump’s withdrawal from Paris Climate Accord,Express (Online),London (UK). 06 Sep 2017.,"화성, 도널드 트럼프의 파리 기후 협정 탈퇴에 맞서기 위해 10억 달러 투자"
"Philippines fire, Trump's withdrawal from Paris climate deal: Top stories this morning",The Hindustan Times,New Delhi. 02 June 2017.,"필리핀 해고, 트럼프의 파리 기후 협정 탈퇴: 오늘 아침의 주요 뉴스"
U.S. News: Trump Moves To Roll Back Obama Policy On Climate,Wall Street Journal,28 Mar 2017: A.3.,"미국 뉴스: 트럼프, 기후에 대한 오바마 정책 철회 움직임"
Trump's withdrawal from climate pact accomplishes nothing at home or abroad,Irish Independent,Dublin. 03 June 2017: 32.,트럼프의 기후 협약 탈퇴는 국내외에서 아무런 성과를 거두지 못했습니다
Donald Trump's Paris deal withdrawal: Extreme weather and climate change explained,Telegraph.co.uk,London. 02 June 2017.,도널드 트럼프의 파리 협상 철회: 극한 날씨와 기후 변화 설명
How Michael Bloomberg is defying Trump's withdrawal from the Paris climate accords,The Times of Israel,"Jerusalem, Israel. 02 June 2017.",마이클 블룸버그가 트럼프의 파리 기후 협정 탈퇴에 반대하는 방법
Paris withdrawal: Trump officially turns his back on climate crisis and our own children,USA Today (Online),Arlington. 06 Nov 2019.,파리 철수: 트럼프는 공식적으로 기후 위기와 우리 아이들에게 등을 돌립니다
"Paris accord one-sided, economically unfair: Trump again justifies US' withdrawal from climate agreement",Asian News International,New Delhi. 13 Nov 2019.,"파리 협정은 일방적이고 경제적으로 불공평합니다: 트럼프, 미국의 기후 협정 탈퇴를 다시 한 번 정당화하다"
Trump's withdrawal from the Paris Climate Agreement hurts Africa and the planet!,New York Amsterdam News,45900.05,트럼프의 파리 기후 협정 탈퇴는 아프리카와 지구에 해를 끼칩니다!
Trump's withdrawal from Paris climate change accord is huge blow for global deal,The Independent (Daily Edition),London (UK). 02 June 2017: 19.,트럼프의 파리 기후 변화 협정 탈퇴는 글로벌 거래에 큰 타격입니다
"For Climate Cause, Trump’s Withdrawal from Paris Accord Just One Hurdle Among Many",ProPublica,New York. 02 June 2017.,기후 문제로 트럼프의 파리 탈퇴는 많은 장애물 중 하나에 불과합니다
Trump executive order scraps EPA water rule,Washington Examiner,27 Feb 2017.,"트럼프 행정 명령, EPA 물 규정 폐기"
Trump plans order to reverse EPA rule,Dayton Daily News,"Dayton, Ohio. 27 Mar 2017: A.5.","트럼프, EPA 규칙을 뒤집기 위한 명령 계획"
U.S. News: EPA Poised to Revise Clean-Water Rules --- New regulatory process is designed to expand protections and undo policy under Trump,Wall Street Journal,10 June 2021: A.3.,"미국 뉴스: EPA, 깨끗한 물 규칙 개정 준비 완료 --- 트럼프 대통령 하에서 보호를 확대하고 정책을 되돌리기 위해 새로운 규제 프로세스가 설계되었습니다"
NJ Democratic Leader Blasts Trump EPA Gag Order,The New York Observer,25 Jan 2017.,"뉴저지 민주당 지도자, 트럼프 EPA 개그 오더 폭파"
'We are still in': American ski resorts slam Donald Trump’s withdrawal from climate change deal,Telegraph.co.uk,London. 08 June 2017.,"'우리는 여전히': 미국 스키 리조트, 도널드 트럼프의 기후 변화 협정 탈퇴를 비난하다"
Trump administration takes aim at EPA policy,La Prensa,45801.04236,"트럼프 행정부, EPA 정책을 겨냥하다"
EPA threatened by President Trump's executive order,Missoulian,04 May 2017.,트럼프 대통령의 행정 명령으로 위협받는 EPA
About 100 gather in downtown Colorado Springs to protest against Trump's withdrawal of Paris climate accord,The Gazette,04 June 2017.,약 100명이 트럼프의 파리 기후 협정 철회에 항의하기 위해 콜로라도 스프링스 시내에 모였습니다
"US will leave Paris climate accord, Trump administration tells UN, starting one-year timetable for withdrawal",Washington Examiner,04 Nov 2019.,"미국은 파리 기후 협정을 탈퇴할 것이며, 트럼프 행정부는 유엔에 탈퇴 1년 일정을 시작할 것이라고 말했습니다"
Emmanuel Macron delivers unprecedented English address at Elysée to slam Donald Trump's withdrawal from Paris climate deal,Telegraph.co.uk,London. 01 June 2017.,엠마누엘 마크롱이 엘리제에서 도널드 트럼프의 파리 기후 협정 탈퇴를 비난하는 전례 없는 영어 연설을 합니다
EPA reverses Trump policy that loosened clean-air rules,Philadelphia Tribune,14 May 2021: 12A.,"EPA, 청정 대기 규정을 완화한 트럼프 정책 뒤집다"
Local leaders condemn new EPA head as Trump signs order,News Journal,"Mansfield, Ohio. 30 Mar 2017: A.4.",트럼프가 명령에 서명함에 따라 지역 지도자들이 새로운 EPA 수장을 비난합니다
Trump signs order at EPA to start dismantling environmental protections,The Washington Post,29 Mar 2017: A.6.,"트럼프, 환경 보호 해체 시작 명령서에 서명하다"
Trump's EPA order on pollution less bold than in past,Washington Examiner,12 Apr 2018.,과거보다 덜 대담한 트럼프의 오염에 대한 EPA 명령
EPA mum on Trump order's effect on East Chicago cleanup,Chicago Tribune,45766.04444,트럼프 명령이 동부 시카고 청소에 미치는 영향에 대한 EPA 엄마
Judge's order could force Trump's EPA to sanction coal plant,Washington Examiner,07 Feb 2018.,판사의 명령으로 트럼프의 EPA가 석탄 발전소를 제재하도록 강요할 수 있습니다
Trump To Sign Order Repealing Obama Plan To Curb Global Warming: EPA Chief,RTTNews,Williamsville. 27 Mar 2017.,"트럼프, 지구 온난화 억제를 위한 오바마 계획 철회 명령 서명: EPA 책임자"
Top Dem lobs first bill targeting Trump's EPA pick,Washington Examiner,08 Dec 2016.,트럼프의 EPA 선택을 겨냥한 민주당 최고 의원 첫 법안
"Biden says 'I guess I shouldn't apologize, but I do apologize' for the Trump administration's withdrawal from the Paris climate accord",Business Insider,New York. 01 Nov 2021.,바이든은 트럼프 행정부의 파리 기후 협정 탈퇴에 대해 '사과해서는 안 되지만 사과한다'고 말했습니다
THE WORLD; U.S. begins formal Paris accord exit; Trump's withdrawal from the landmark climate agreement will take another year to complete.,Los Angeles Times,05 Nov 2019: A.3.,"세계; 미국, 파리 협정 탈퇴 공식 시작; 트럼프의 획기적인 기후 협정 탈퇴는 완료하는 데 1년이 더 걸릴 것입니다."
Why did Trump order a media blackout for the EPA? Can he do that?,The Christian Science Monitor,25 Jan 2017.,트럼프가 EPA에 미디어 정전을 명령한 이유는 무엇인가요? 그가 그렇게 할 수 있을까요?
Trump ignores climate change in key speech,The Desert Sun,19 Dec 2017: A.6.,"트럼프, 주요 연설에서 기후 변화 무시"
U.S. News: Trump Climate Policy Gets Fresh Scrutiny --- Administration insists the president hasn't changed his position on the Paris accord,The Wall Street Journal Asia,Hong Kong. 19 Sep 2017: A.6.,"미국 뉴스: 트럼프 기후 정책, 새로운 조사를 받다 --- 행정부는 대통령이 파리 협정에 대한 입장을 바꾸지 않았다고 주장합니다"
New Trump EPA policy would rule out emissions controls for all industries but power plants,Washington Examiner,12 Jan 2021.,새로운 트럼프 EPA 정책은 발전소를 제외한 모든 산업에 대한 배출 규제를 배제합니다
Trump slammed for trolling Greta Thunberg climate speech,Yerepouni Daily News,Beirut. 24 Sep 2019.,"트럼프, 그레타 툰베리 기후 연설 트롤링으로 비난받다"
U.S. News: Trump Loosens Obama's Climate Rules --- President says rollback will save coal jobs; order draws EU rebuke; Asia backs Paris accord,The Wall Street Journal Asia,Hong Kong. 30 Mar 2017: A.6.,"미국 뉴스: 트럼프, 오바마의 기후 규칙 완화 --- 대통령은 롤백이 석탄 일자리를 구할 것이라고 말합니다. 명령은 EU의 비난을 받고, 아시아는 파리 협정을 지지합니다"
"Paris pullout rationale; In response to those opposing President Trump's withdrawal from the Paris climate accord, let's look at the facts. [Derived Headline]",Tribune - Review / Pittsburgh Tribune - Review,29 June 2017.,"파리 탈퇴의 근거; 트럼프 대통령의 파리 기후 협정 탈퇴에 반대하는 사람들에 대한 대응으로, 사실을 살펴봅시다. [파생 헤드라인]"
Trump's foolish withdrawal; Our view: Abandoning Paris climate agreement is the president's Nero moment - fiddling with nationalism while a costly man-made disaster approaches,The Baltimore Sun,04 June 2017: A.22.,트럼프의 어리석은 탈퇴; 우리의 견해: 파리 기후 협정을 포기하는 것은 대통령의 네로 순간입니다 - 비용이 많이 드는 인재가 다가오는 동안 민족주의를 만지작거리는 것입니다
Pittsburgh mayor calls out Trump for Paris climate agreement speech,USA Today (Online),Arlington. 01 June 2017.,"피츠버그 시장, 파리 기후 협정 연설에 트럼프 촉구"
House's EPA spending bill doesn't agree with Trump cuts but approves layoffs,Washington Examiner,11 July 2017.,하원의 EPA 지출 법안은 트럼프의 삭감에 동의하지 않지만 해고를 승인합니다
Trump's EPA is said to cut scientists out of new water policy that threatens New England wetlands,Boston Globe (Online),Boston. 18 Jan 2020.,트럼프의 EPA는 뉴잉글랜드 습지를 위협하는 새로운 물 정책에서 과학자들을 차단한다고 합니다
Fate of ‘forever chemicals’ with Trump EPA as House passes bill scorned by Senate GOP,Washington Examiner,10 Jan 2020.,상원 공화당이 경멸하는 법안을 하원에서 통과시키면서 트럼프 EPA와 함께하는 '영원한 화학 물질'의 운명
Trump slammed for trolling 16-year-old activist’s climate speech,Daily Monitor,Kampala. 24 Sep 2019.,"트럼프, 16세 운동가의 기후 연설을 트롤링한 혐의로 비난받다"
"Trump attends UN Climate Action Summit, sits through Modi's speech",Asian News International,New Delhi. 23 Sep 2019.,"트럼프, 유엔 기후 행동 정상 회담에 참석하고 모디 총리의 연설 내내 앉아 있음"
'Who?': Trump mocks teenage climate activist Greta Thunberg during CPAC speech,Washington Examiner,29 Feb 2020.,"'누구?': 트럼프, CPAC 연설 중 10대 기후 운동가 그레타 툰베리 조롱"
Trump knocks climate change 'prophets of doom' in speech attended by Greta Thunberg,Washington Examiner,21 Jan 2020.,"트럼프, 그레타 툰베리가 참석한 연설에서 기후 변화 '운명의 예언자'를 노크하다"
"Bills would help, hurt illegal immigrants: Legislation comes during what some call a 'hostile' climate due to Trump's rhetoric: Politics",Daily Press,21 Jan 2017: A.6.,법안은 불법 이민자들에게 도움이 되고 피해를 줄 것입니다: 입법은 트럼프의 수사학으로 인해 일부 사람들이 '적대적인' 분위기라고 부르는 시기에 이루어집니다: 정치
"Donald Trump mocks climate change activist Greta Thunberg, 16, after passionate speech to UN",Telegraph.co.uk,London. 24 Sep 2019.,"도널드 트럼프, 유엔에 대한 열정적인 연설 후 기후 변화 운동가 그레타 툰베리(16세) 조롱"
Theresa May takes shock swipe at Donald Trump over Paris climate deal in UN speech,Express (Online),London (UK). 21 Sep 2017.,"테레사 메이, 유엔 연설에서 파리 기후 협정에 대해 도널드 트럼프에게 충격적인 채찍질을 하다"
World: Climate activist Greta Thunberg glares at Donald Trump after giving powerful speech at UN,Asia News Monitor,Bangkok. 25 Sep 2019.,세계: 기후 운동가 그레타 툰베리가 유엔에서 강력한 연설을 한 후 도널드 트럼프를 노려봅니다
‘Truly sad’: Sanders condemns Trump for omitting climate change in State of the Union speech,Washington Examiner,04 Feb 2020.,"'정말 슬프다': 샌더스, 연두교서에서 기후 변화를 생략한 트럼프를 비난하다"
Trump's speech on Paris climate deal: Here's what the US President said on India,The Hindustan Times,New Delhi. 02 June 2017.,파리 기후 협정에 관한 트럼프의 연설: 미국 대통령이 인도에 대해 한 말은 다음과 같습니다
United States/France: Trump Promotes Pulling US from Paris Climate Accord in Speech Touting 'America First',Asia News Monitor,Bangkok. 25 Oct 2019.,"미국/프랑스: 트럼프, '미국 우선주의'를 선전하는 연설에서 미국을 파리 기후 협정에서 탈퇴하도록 장려하다"
Trump signs climate order,Daily Post,Liverpool (UK). 29 Mar 2017: 18.,"트럼프, 기후 질서에 서명하다"
"Trump's UN envoy nominee defends climate record; ; Mexico becomes 1st to ratify trade deal with US, Canada; Senate panel OKs emergency aid for migrant refugees; Xi supports N. Korea's direction on issues ahead of visit to Kim; Schumer wants",Orlando Sentinel,20 June 2019: A.4.,"트럼프의 유엔 특사 지명자, 기후 기록 방어; 멕시코, 미국, 캐나다와 무역 협정 비준 첫 번째 국가가 되다; 상원 패널, 이민자 난민 긴급 지원 승인; 시 주석, 김 위원장 방문에 앞서 북한의 문제 방향 지지; 슈머가 원한다"
"Trump's UN envoy nominee defends climate record; Mexico becomes 1st to ratify trade deal with US, Canada; Senate panel OKs emergency aid for migrant refugees; Xi supports N. Korea's direction on issues ahead of visit to Kim; Schumer wants",Morning Call,20 June 2019: A.14.,"트럼프의 유엔 특사 지명자, 기후 기록 옹호; 멕시코, 미국, 캐나다와의 무역 협정 비준 첫 번째, 상원 패널 승인; 이민자 난민 긴급 지원 승인; 시 주석, 김 위원장 방문에 앞서 북한의 문제 방향 지지; 슈머가 원함"
Trump signs climate order [Northeast Region],Daily Post,Liverpool (UK). 29 Mar 2017: 18.,"트럼프, 기후 질서 [동북 지역] 서명"
Trump to sign climate-change order,IANS English,New Delhi. 28 Mar 2017.,"트럼프, 기후 변화 질서에 서명하다"
Trump undoing ruinous Obama climate policy,Inland Valley Daily Bulletin,03 Nov 2017.,파멸적인 오바마 기후 정책을 되돌리는 트럼프
Trump climate change order expected today,Charleston Gazette - Mail,28 Mar 2017: A.12.,오늘 예상되는 트럼프 기후 변화 질서
Trump order softens laws on climate change,Boston Globe (Online),Boston. 28 Mar 2017.,트럼프 명령으로 기후 변화에 관한 법률 완화
President Trump undoes climate policy,Philadelphia Tribune,02 Apr 2017: 10A.,"트럼프 대통령, 기후 정책 철회"
Trump tears up US climate policy,Daily Express,London (UK). 29 Mar 2017: 2.,"트럼프, 미국 기후 정책 파기"
Trump to gut Obama climate policy,The Hindu,Chennai. 29 Mar 2017.,"트럼프, 오바마 기후 정책 철회"
Trump's climate order could be a nightmare,Wyoming Tribune - Eagle,18 Apr 2017: C.9.,트럼프의 기후 질서는 악몽이 될 수 있습니다
Trump signs order undoing Obama climate change policies,IANS English,New Delhi. 29 Mar 2017.,"트럼프, 오바마 기후 변화 정책 취소 명령 서명"
Trump climate policy may impact trade,The Ithaca Journal,23 Dec 2016: B.2.,트럼프 기후 정책이 무역에 영향을 미칠 수 있습니다
"Strong reaction to Trump order on energy, climate",Courier - Journal,29 Mar 2017: A.6.,"에너지, 기후에 대한 트럼프 명령에 대한 강한 반응"
Trump's climate change policy; a malicious deception,Daily Times,Lahore. 17 July 2019.,트럼프의 기후 변화 정책; 악의적인 기만
Don't follow Trump on climate policy,Toronto Star,23 Jan 2017: A.10.,기후 정책에 대해 트럼프를 따르지 마세요
Texas GOP welcomes Trump order repealing climate regulations,The Texas Tribune,Austin. 28 Mar 2017.,"텍사스 공화당, 기후 규제를 폐지하는 트럼프 명령 환영"
Trump to sign order reversing Obama's climate policies,MaltaToday,"San Gwann, Malta. 28 Mar 2017.","트럼프, 오바마의 기후 정책을 뒤집는 명령에 서명하다"
Trump to sign order undoing Obama-era climate policies,Vanguard,Lagos. 28 Mar 2017.,"트럼프, 오바마 시대의 기후 정책을 되돌리는 명령에 서명하다"
Trump signs order to roll back Obama climate measures,Vanguard,Lagos. 28 Mar 2017.,"트럼프, 오바마 기후 조치 철회 명령 서명"
Hawking warns Trump on risky climate policy,The Mercury,Durban. 04 July 2017: 5.,호킹은 트럼프에게 위험한 기후 정책에 대해 경고합니다
Trump signs executive order unwinding Obama climate policies,Vietnam News Gazette,Hanoi. 29 Mar 2017.,"트럼프, 오바마 기후 정책 해제를 위한 행정 명령 서명"
Trump signs order dismantling Obama-era climate policies,Businessline,Chennai. 29 Mar 2017.,"트럼프, 오바마 시대 기후 정책 해체 명령 서명"
Trump's climate order could take some time,Washington Examiner,28 Mar 2017.,트럼프의 기후 질서는 시간이 좀 걸릴 수 있습니다
"Terror response must go beyond policing social media, US Paris accord withdrawal can benefit climate change movement, only Qatar's action can mend relations, what's the 'real reason' Arab countries cut Qatar ties?, how Trump may have",The Christian Science Monitor,17 June 2017.,"테러 대응은 소셜 미디어를 감시하는 것을 넘어서야 합니다. 미국 파리 협정 탈퇴는 기후 변화 운동에 도움이 될 수 있으며, 오직 카타르의 행동만이 관계를 개선할 수 있습니다. 아랍 국가들이 카타르 관계를 끊은 '진짜 이유'는 무엇일까요? 트럼프는 어떻게 행동했을까요"
3 US states reject Trump policy on climate change,Manila Bulletin,New Delhi. 29 June 2019.,"미국 3개 주, 기후 변화에 대한 트럼프 정책 거부"
Climate policy in the age of Trump,The New Nation,Dhaka. 02 Feb 2017.,트럼프 시대의 기후 정책
"Trump, former vice-president meet to discuss climate policy",The Hindustan Times,New Delhi. 07 Dec 2016.,"트럼프, 전 부통령, 기후 정책 논의 위해 만나다"
"Trump's climate order puts water, coast, assets at risk",Florida Today,02 Apr 2017: A.18.,"트럼프의 기후 질서는 물, 해안, 자산을 위험에 빠뜨립니다"
Trump to sign order sweeping away Obama-era climate policies,The Peninsula,Doha. 28 Mar 2017.,"트럼프, 오바마 시대 기후 정책을 휩쓸고 있는 명령서 서명"
Trump tears up US climate policy [Eire Region],Daily Express,London (UK). 29 Mar 2017: 2.,"트럼프, 미국 기후 정책 파기 [에이어 지역]"
Trump's order undoing climate policies met with NY opposition,Newsday,29 Mar 2017.,기후 정책을 되돌리는 트럼프의 명령은 뉴욕 반대에 부딪혔습니다
Trump Presidency Threatens US Climate Policy Leadership,Morocco World News,Rabat. 12 Nov 2016.,"트럼프 대통령, 미국 기후 정책 리더십 위협"
US diplomat in China resigns over Trump's climate policy,Iran Daily,Tehran. 06 June 2017.,트럼프의 기후 정책으로 중국 주재 미국 외교관 사임
Congressman Andy Biggs' Statement on President Trump's Impending Decision on the Paris Climate Agreement,Yellow Sheet Report,Phoenix. 31 May 2017.,트럼프 대통령의 파리 기후 협정에 대한 임박한 결정에 대한 앤디 빅스 하원의원의 성명서
Trump's pick on housing against climate policy,The Korea Times,Seoul. 09 Dec 2016.,기후 정책에 반대하는 트럼프의 주택 선택
Trump takes shot at shareholder climate change advocacy with pipeline order,Washington Examiner,12 Apr 2019.,"트럼프, 파이프라인 주문으로 주주 기후 변화 옹호에 총을 쏜다"
Trump's climate-policy rollback may not be easy,IANS English,New Delhi. 03 Jan 2017.,트럼프의 기후 정책 롤백은 쉽지 않을 수 있습니다
How Donald Trump Can Build Toward a Climate Policy: Editorial,Las Cruces Sun - News,15 June 2017.,도널드 트럼프가 기후 정책을 위해 구축할 수 있는 방법: 사설
Bloomberg View: How Trump can build toward a climate policy,The Salt Lake Tribune,"Salt Lake City, Utah. 19 June 2017.",블룸버그 보기: 트럼프가 기후 정책을 위해 구축할 수 있는 방법
Trump moves to dismantle Obama's climate legacy with executive order,The Hindustan Times,New Delhi. 29 Mar 2017.,"트럼프, 행정 명령으로 오바마의 기후 유산 해체 움직임"
Trump to sign executive order to reverse Obama's climate policies,IANS English,New Delhi. 28 Mar 2017.,"트럼프, 오바마의 기후 정책을 되돌리기 위한 행정 명령 서명"
"Trump's UN envoy nominee defends climate record; NEWS BRIEFING; Staff and news services; Mexico becomes 1st to ratify trade deal with US, Canada; Senate panel OKs emergency aid for migrant refugees; Xi supports N. Korea's direction on issues",South Florida Sun - Sentinel,20 June 2019: A.3.,"트럼프의 유엔 특사 지명자, 기후 기록 방어; 뉴스 브리핑; 직원 및 뉴스 서비스; 멕시코, 미국, 캐나다와의 무역 협정 비준 첫 번째, 상원 패널, 이민자 난민 긴급 지원 승인; 시 주석, 북한의 문제 방향 지지"
Ojakian: Connecticut campus climate future hazy with Trump order on immigration,New Haven Register,30 Jan 2017.,오자키안: 이민에 대한 트럼프 명령으로 코네티컷 캠퍼스 기후 미래 불투명
Green Group To Challenge Trump Order Repealing Climate Change Policies,RTTNews,Williamsville. 28 Mar 2017.,"그린 그룹, 기후 변화 정책을 폐지하는 트럼프 명령에 도전하다"
"Energy independence, not climate change, becomes priority under Trump order",USA Today (Online),Arlington. 28 Mar 2017.,트럼프 명령에 따라 기후 변화가 아닌 에너지 독립이 우선시됩니다
Kerry: Trump doesn't 'have a right' to ignore climate policy,Washington Examiner,16 Nov 2016.,케리: 트럼프는 기후 정책을 무시할 '권리'가 없습니다
Trump's newest order looks to block Obama's climate legacy,Washington Examiner,27 Mar 2017.,트럼프의 새로운 명령은 오바마의 기후 유산을 차단하려는 것으로 보입니다
Siege on climate policy under Trump? It happened in Canada.,The Christian Science Monitor,22 Nov 2016.,트럼프 정권 하에서 기후 정책에 대한 포위? 캐나다에서 일어났어요.
US will change course on climate policy: Trump official,Egypt Independent,"Cairo, Egypt. 30 Jan 2017.",미국은 기후 정책 방향을 변경할 것입니다: 트럼프 공식
Biden attacks Trump's climate policy as wildfire ravages west coast,IANS English,New Delhi. 15 Sep 2020.,"바이든, 산불이 서해안을 황폐화시키면서 트럼프의 기후 정책을 공격하다"
Trump Cedes Climate Policy Mantle to Xi With Paris Accord Exit,Las Cruces Sun - News,01 June 2017.,"트럼프, 파리 협정 탈퇴로 기후 정책 맨틀을 시진핑에게 양도하다"
"With Trump announcement, America becomes a climate change pariah",Bangor Daily News,01 June 2017.,트럼프의 발표로 미국은 기후 변화의 파리아가 되었습니다
"Will Trump bring a U-turn on climate policy? Probably, but ...",Daily News,10 Nov 2016.,"트럼프가 기후 정책에 대한 유턴을 가져올까요? 아마도, 하지만 ..."
"Trump order on climate misguided, will hurt Americans: Green advocates (News Analysis)",IANS English,New Delhi. 29 Mar 2017.,기후에 대한 트럼프의 잘못된 명령은 미국인들에게 해를 끼칠 것입니다: 녹색 옹호자들 (뉴스 분석)
Trump's executive order rolling back Obama's climate regulations: FULL TEXT,Washington Examiner,28 Mar 2017.,오바마의 기후 규제를 철회하는 트럼프의 행정 명령: 전문
Trump nominates climate policy skeptic for top White House environmental job,Washington Examiner,13 Oct 2017.,"트럼프, 백악관 최고 환경직에 기후 정책 회의론자 지명"
Six G-7 members against one as Trump reviews climate policy,Cape Argus,Cape Town. 29 May 2017: 6.,트럼프가 기후 정책을 검토하는 동안 G-7 회원국 6개국이 1개국에 반대했습니다
'Summertime' plays ahead of Trump's climate announcement,USA Today (Online),Arlington. 01 June 2017.,트럼프의 기후 발표를 앞두고 '여름 시간'이 재생됩니다
Donald Trump pulls US out of Paris Climate Agreement: Here's the full text of his statement,Indian Express,Mumbai. 02 June 2017.,"도널드 트럼프, 파리 기후 협정에서 미국을 탈퇴하다: 다음은 그의 진술 전문입니다"
Trump signs order overhauling Obama's attempts to slow climate change,IANS English,New Delhi. 29 Mar 2017.,"트럼프, 기후 변화를 늦추려는 오바마의 시도를 전면 개편하라는 명령 서명"
Could greener business win out in Trump's climate policy?,The Christian Science Monitor,11 Nov 2016.,트럼프의 기후 정책에서 친환경 비즈니스가 성공할 수 있을까요?
European Union: Speech by President Juncker at the European Parliament on President Trump's decision to withdraw the U.S. from the COP 21 Climate Agreement,Asia News Monitor,Bangkok. 15 June 2017.,유럽 연합: 유럽 의회에서 트럼프 대통령의 COP 21 기후 협정 탈퇴 결정에 대한 융커 대통령의 연설
Trump Ends 'War On Coal'; Executive Order Reverses Obama Climate-Change Measures,National Post,29 Mar 2017: A.1.,"트럼프, '석탄 전쟁' 종식, 오바마 기후 변화 조치 뒤집기 행정 명령"
Trump's daughter goes green as dad tears down climate policy,Washington Examiner,01 Dec 2016.,아빠가 기후 정책을 허물면서 트럼프의 딸이 초록색으로 변합니다
Top US diplomat in China quits 'over Donald Trump's climate policy',Telegraph.co.uk,London. 06 June 2017.,"중국 주재 미국 최고 외교관, '도널드 트럼프의 기후 정책'으로 사임하다"
Biden apologizes to counterparts for Trump-era inaction on climate policy,The Washington Post,02 Nov 2021: A.10.,"바이든, 트럼프 시대 기후 정책에 대한 조치를 취하지 않은 것에 대해 상대방에게 사과하다"
"Climate policy to be set by Trump, but not by him alone",The Christian Science Monitor,17 Nov 2016.,트럼프가 설정해야 할 기후 정책은 트럼프 혼자서 설정할 수 없습니다
Weak Federal Powers Could Limit Trump's Climate-Policy Rollback,The New York Times,New York. 03 Jan 2017.,약한 연방 세력이 트럼프의 기후 정책 롤백을 제한할 수 있습니다
Environmental Law: Trump reverses past climate change policies with energy independence order,Daily Record,"Rochester, NY. 17 Apr 2017.","환경법: 트럼프, 에너지 자립 명령으로 과거 기후 변화 정책 뒤집다"
Donald Trump promises instant 'reaction' in crackdown on Brussels' climate change policy,Express (Online),London (UK). 27 Jan 2020.,"도널드 트럼프, 브뤼셀의 기후 변화 정책 단속에 즉각적인 '대응' 약속"
News updates from Hindustan Times: Donald Trump mocks teen activist Greta Thunberg after her stirring speech at UN Climate Summit and all the latest news at this hour,The Hindustan Times,New Delhi. 24 Sep 2019.,힌두스탄 타임즈의 뉴스 업데이트: 도널드 트럼프는 유엔 기후 정상회의에서 감동적인 연설을 한 후 10대 활동가 그레타 툰베리를 조롱하고 이 시간대의 모든 최신 뉴스를 보도했습니다
Trump's order can't stop action on climate change: US advocacy group,IANS English,New Delhi. 03 Apr 2017.,트럼프의 명령은 기후 변화에 대한 행동을 멈출 수 없습니다: 미국 옹호 단체
Biden attacks Trump's climate policy as wildfire ravages U.S. west coast,People's Daily,Beijing. 15 Sep 2020.,"바이든, 산불이 미국 서부 해안을 황폐화시키면서 트럼프의 기후 정책을 공격하다"
China says committed to Paris accord as Trump undoes US climate policy,Egypt Independent,"Cairo, Egypt. 30 Mar 2017.",트럼프가 미국 기후 정책을 철회함에 따라 중국은 파리 협정에 전념할 것이라고 말했습니다
Bernie Sanders rallies anti-Trump protesters with climate bill,Washington Examiner,26 Apr 2017.,"버니 샌더스, 기후 법안으로 반트럼프 시위대 집회 개최"
Green party leader defends President Higgins’ comments on Trump’s climate change policy,The Nationalist,Carlow. 05 June 2019.,"녹색당 지도자, 트럼프의 기후 변화 정책에 대한 히긴스 대통령의 발언 옹호"
"Editorial: From climate to foreign policy to trade, Trump's White House devalues expertise",St. Louis Post - Dispatch,16 May 2019: A.12.,"사설: 기후, 외교 정책, 무역에 이르기까지 트럼프의 백악관은 전문성을 평가절하합니다"
"After Trump's climate pact announcement, a green Boston City Hall",Boston Globe (Online),Boston. 01 June 2017.,"트럼프의 기후 협약 발표 후, 녹색 보스턴 시청"
Trump's retrograde climate policy hands China reins in driving a low-carbon future,Irish Independent,Dublin. 02 June 2017: 26.,트럼프의 역행적인 기후 정책으로 저탄소 미래를 주도하는 중국의 고삐가 잡혔습니다
States can lead the way on climate change policy as Trump rolls back protections,USA Today (Online),Arlington. 12 Oct 2018.,트럼프가 보호 조치를 철회함에 따라 주들이 기후 변화 정책을 주도할 수 있습니다
Jerry Brown one-ups Trump on climate change with G20 announcement,Daily News,06 July 2017.,"제리 브라운, G20 발표로 기후 변화에 대한 트럼프 지지자들의 의견 제시"
EU trolls Trump: Brussels plans big bash for US states rebelling against climate policy,Express (Online),London (UK). 14 June 2017.,"EU, 트럼프 트롤링: 브뤼셀, 기후 정책에 반기를 든 미국 국가들을 위한 대규모 타격 계획 발표"
California's climate policy depends on federal waivers -- what if Trump doesn't grant them?,Daily News,04 Feb 2017.,캘리포니아의 기후 정책은 연방 면제에 달려 있습니다 -- 트럼프가 이를 승인하지 않으면 어떻게 될까요?
NYC Mayor to Sign Order Keeping City in Paris Climate Accord If Trump Backs Out,The New York Observer,31 May 2017.,"트럼프가 물러날 경우 뉴욕 시장, 파리 기후 협정 체결"
"Wild criticizes foreign policy Calls Trump 'unpredictable'; also discusses workforce training, climate change, drug prices",Morning Call,09 Oct 2019: A.1.,"와일드는 트럼프를 '예측할 수 없다'고 부르는 외교 정책을 비판하고, 인력 양성, 기후 변화, 약값에 대해서도 논의합니다"
Trump's climate policy: Why strain out the gnat while swallowing the camel?,Washington Examiner,25 June 2019.,트럼프의 기후 정책: 낙타를 삼킬 때 왜 그낫을 걸러내나요?
"Trump order: Now is not time to change course on climate change, says UNEP Chief",IANS English,New Delhi. 31 Mar 2017.,트럼프 명령: 지금은 기후 변화에 대한 방향을 바꿀 때가 아니라고 UNEP 책임자는 말합니다
"Aiming at Trump, House OKs bill to keep US in climate accord",Charleston Gazette - Mail,03 May 2019: A.5.,"트럼프를 겨냥해 하원, 미국의 기후 협정 유지 법안 승인"
'Dear Donald' - MEPs pen ‘love letter’ to President Trump to scrap climate change policy,Express (Online),London (UK). 07 Apr 2017.,"'Dear Donald' - MEP, 기후 변화 정책 폐기를 위해 트럼프 대통령에게 '러브레터' 작성"
California’s climate policy depends on federal waivers — what if Trump doesn’t grant them?,San Gabriel Valley Tribune,04 Feb 2017.,"캘리포니아의 기후 정책은 연방 면제에 달려 있는데, 트럼프가 이를 승인하지 않으면 어떻게 될까요?"
Hillary Clinton: Trump's order to undo Obama climate plan puts 'American lives at risk',Washington Examiner,28 Mar 2017.,힐러리 클린턴: 트럼프의 오바마 기후 계획 취소 명령은 '미국인의 생명을 위험에 빠뜨린다'
"Biden presidency is likely to deviate from Trump administration on foreign policy, climate change, race relations",Indian Express,Mumbai. 11 Feb 2021.,"바이든 대통령직은 외교 정책, 기후 변화, 인종 관계에 대해 트럼프 행정부에서 벗어날 가능성이 높습니다"
What Donald Trump said about India in his announcement on Paris climate accord,Indian Express,Mumbai. 02 June 2017.,도널드 트럼프가 파리 기후 협정 발표에서 인도에 대해 한 말
Biden promises a new era in climate policy-but first he must undo Trump’s damage,Telegraph.co.uk,London. 19 Jan 2021.,"바이든은 기후 정책의 새로운 시대를 약속하지만, 먼저 트럼프의 피해를 되돌려야 합니다"
"Keeping climate in security conversation; Kaine, Democrats propose bill amid Trump team skepticism",Daily Press,14 Mar 2019: A.1.,"안보 대화에서 기후 유지; 케인, 민주당, 트럼프 팀 회의론 속에서 법안 제안"
"France: Paris climate summit opens with Bill Gates, DiCaprio, but not Trump",Asia News Monitor,Bangkok. 14 Dec 2017.,"프랑스: 파리 기후 정상 회담은 빌 게이츠, 디카프리오와 함께 열리지만 트럼프는 그렇지 않습니다"
Tory senators kill climate change bill; NDP outraged over tactic used to trump House,Calgary Herald,18 Nov 2010: A.5.,"토리당 상원의원들이 기후 변화 법안을 살해하고, NDP는 하원을 공격하는 데 사용된 전술에 분노합니다"
"Trump signs farm bill that backs climate change programs, avoids food stamp cuts",Washington Examiner,20 Dec 2018.,"트럼프, 기후 변화 프로그램을 지지하고 식량 스탬프 삭감을 피하는 농장 법안 서명"
"Allowing America to thrive; On June 1, following serious deliberation, President Trump announced in a thoughtful, informative speech that he would withdraw the United States from the Paris climate accord. [Derived Headline]",Tribune - Review / Pittsburgh Tribune - Review,09 June 2017.,"미국이 번영할 수 있도록 허용합니다; 6월 1일, 진지하게 숙고한 끝에 트럼프 대통령은 사려 깊고 유익한 연설을 통해 파리 기후 협정에서 미국을 탈퇴하겠다고 발표했습니다. [파생 헤드라인]"
Democrats pass House bill to try to block Trump from exiting Paris climate deal,USA Today (Online),Arlington. 02 May 2019.,"민주당, 트럼프의 파리 기후 협정 탈퇴를 막기 위한 하원 법안 통과"
Trump said Greta Thunberg seems like she has 'a bright and wonderful future' the same day she gave an impassioned speech at the UN about the devastating impact of climate change,Business Insider,New York. 24 Sep 2019.,트럼프는 그레타 툰베리가 기후 변화의 파괴적인 영향에 대해 유엔에서 열정적인 연설을 한 날과 같은 날 '밝고 멋진 미래'를 가진 것 같다고 말했습니다
Senators introduce bipartisan bill to aid coolant climate deal on ice with Trump,Washington Examiner,30 Oct 2019.,"상원 의원들, 트럼프와 얼음 위에서 냉각수 기후 협정을 지원하기 위한 초당적 법안 발의"
CITY & STATE; Brown defends climate policy on Canada trip; Governor criticizes Trump's record at event in Ontario.,Los Angeles Times,17 Apr 2018: B.3.,"도시와 주; 브라운은 캐나다 여행 중 기후 정책을 옹호하고, 주지사는 온타리오에서 열린 행사에서 트럼프의 기록을 비판합니다."
"House Democrats reject Trump budget cuts, roll out $46.4B energy and climate spending bill",Washington Examiner,14 May 2019.,"하원 민주당, 트럼프 예산 삭감 거부, 464억 달러 규모의 에너지 및 기후 지출 법안 발표"
"WASHINGTON, 3 OTHER STATES FILE SUIT AGAINST TRUMP'S COAL LEASING ORDER Climate change, increase in trains key concerns",Spokesman Review,10 May 2017: C.3.,"워싱턴, 트럼프의 석탄 임대 명령에 대해 다른 3개 주에 소송 제기 기후 변화, 열차 증가 주요 우려 사항"
Daily on Energy: Climate politics threaten bipartisan Senate energy bill meant to reach Trump's desk,Washington Examiner,06 Mar 2020.,"데일리 온 에너지: 기후 정치, 트럼프의 책상에 도달하기 위한 초당적 상원 에너지 법안 위협"
"Where Donald Trump sees a 'bad deal' in tackling climate change, China sees an opportunity to shape a new world order",Telegraph.co.uk,London. 02 June 2017.,도널드 트럼프가 기후 변화에 대처하는 데 있어 '나쁜 거래'를 보는 중국은 새로운 세계 질서를 형성할 기회를 봅니다
White House wavers on Paris accord; Climate pact presents yet another policy reckoning for Trump amid fading support for campaign pledge.,Los Angeles Times,26 May 2017: A.1.,"백악관은 파리 협정을 포기하고, 기후 협정은 선거 공약에 대한 지지가 사라지는 가운데 트럼프에게 또 다른 정책적 고려를 제시합니다."
Climate activists dial up heat on Bill Nye over plan to attend Trump's State of the Union,Washington Examiner,26 Jan 2018.,기후 운동가들이 트럼프 대통령의 국정연설 참석 계획에 대해 빌 나이에게 열을 올립니다
The White House reportedly blocked climate testimony warning of a 'possibly catastrophic' future because it didn't 'jibe' with Trump's policy,Business Insider,New York. 08 June 2019.,백악관은 트럼프의 정책에 '지브'하지 않았기 때문에 '아마도 재앙적인' 미래를 경고하는 기후 증언을 차단한 것으로 알려졌습니다
"Daily on Energy, presented by GAIN: Trump signs bill to clean up the seas as pressure mounts on climate",Washington Examiner,11 Oct 2018.,"데일리 온 에너지, GAIN 발표: 트럼프, 기후에 대한 압력 증가에 따라 바다 정화 법안 서명"
"Climate change is a 'direct threat to national security,' the defense bill says. And Trump is expected to sign it",Washington Examiner,22 Nov 2017.,기후 변화는 '국가 안보에 대한 직접적인 위협'이라고 국방 법안은 말합니다. 그리고 트럼프는 그것에 서명할 것으로 예상됩니다
It may soon be U.S. against the world on climate change; But Trump is likely to meet broad resistance if he tries to reverse global warming policy.,Los Angeles Times,27 Nov 2016: A.1.,"곧 기후 변화에 대한 미국의 반대가 될 수도 있지만, 트럼프가 지구 온난화 정책을 뒤집으려 한다면 광범위한 저항에 부딪힐 가능성이 높습니다."
"2019 Year In Review; Bill Kaufmann looks back at a year filled with money trouble, climate change news, scandals and court tangles - and much ado about Trump",Calgary Herald,31 Dec 2019: A.9.,"2019년 리뷰; 빌 카우프만은 자금 문제, 기후 변화 뉴스, 스캔들, 법정 얽힘으로 가득 찬 한 해를 돌아보며 트럼프에 대한 많은 열정을 가지고 있습니다"
CALIFORNIA WILDFIRES; Newsom assails Trump over 'climate damn emergency'; Governor also signs Assembly bill to make it easier for inmate firefighters to get licensed upon release.,Los Angeles Times,13 Sep 2020: B.2.,"캘리포니아 산불; 뉴섬 주지사는 '기후 비상사태'에 대해 트럼프를 비난하고, 수감자 소방관들이 석방과 동시에 면허를 쉽게 취득할 수 있도록 의회 법안에 서명합니다."
Don't miss streetcar's potential benefits; Efficiency is the key ; to better budgeting; Protecting U.S. means facing climate change; Trump's parade isn't about military respect; Presidency a political spin on 'Apprentice'; Is White House talk new norm for,South Florida Sun - Sentinel,10 Feb 2018: A.13.,전차의 잠재적 이점을 놓치지 마세요; 효율성이 핵심입니다; 예산 개선의 핵심입니다; 미국을 보호한다는 것은 기후 변화에 직면한다는 것을 의미합니다; 트럼프의 퍼레이드는 군사적 존중에 관한 것이 아닙니다; 대통령직은 '어프렌티스'에 대한 정치적 해석입니다; 백악관은 새로운 규범에 대해 이야기할까요
"Algerian military plane crashes shortly after takeoff, killing 257; ; Pope admits he made 'grave errors' in Chile sex abuse case; Yemeni rebels' missiles, drones target Saudi capital and south; Ex-speaker Boehner joins board of marijuana company;",Orlando Sentinel,12 Apr 2018: A.4.,"알제리 군용기 이륙 직후 추락해 257명 사망; ; 교황, 칠레 성학대 사건에서 '심각한 실수' 인정; 예멘 반군의 미사일, 드론이 사우디 수도와 남부를 표적으로 삼다; 전 의장 베이너, 마리화나 회사 이사회 합류;"
"Algerian military plane crashes shortly after takeoff, killing 257; NEWS BRIEFING; Staff and news services; Pope admits he made 'grave errors' in Chile sex abuse case; Yemeni rebels' missiles, drones target Saudi capital and south; Ex-speaker",Hartford Courant,12 Apr 2018: A.5.,"알제리 군용기 이륙 직후 추락해 257명 사망, 뉴스 브리핑, 직원 및 뉴스 서비스; 교황, 칠레 성학대 사건에서 '심각한 실수' 인정, 예멘 반군의 미사일, 드론이 사우디 수도와 남부를 겨냥하다; 전직 연설자"
The meaning of Concord community; Van Loendersloot for Weare selectman; Sununu and the minimum wage; The clowns in the White House; Youngs was an exceptional doctor; Thanks for voting for Donald Trump; Edelblut is a great choice; Wise words,Concord Monitor,07 Feb 2017.,콩코드 커뮤니티의 의미; Weare 셀렉트맨의 반 로엔더루트; 수누누와 최저임금; 백악관의 광대들; 영스는 뛰어난 의사였다; 도널드 트럼프에게 투표해 주셔서 감사합니다; 에델블루트는 훌륭한 선택입니다; 현명한 말씀입니다
"On the issues Our view: In case anyone is deciding between Donald Trump and Hillary Clinton based on where they stand on policy, we offer a primer on their views Taxes Climate change Syria/ISIS Health care Supreme Court",The Baltimore Sun,07 Nov 2016: A.10.,"이슈에 대해 우리의 견해: 도널드 트럼프와 힐러리 클린턴 중 누가 정책 입장에 따라 결정할 수 있는지, 우리는 그들의 견해에 대한 기초 자료를 제공합니다. 기후 변화 시리아/ISIS 보건 대법원"
Calif. death reported in E. coli outbreak tied to Ariz. lettuce; ; Memo: Pruitt landlord's spouse sought EPA panel job for client ; Arizona teachers may stay out as lawmakers mull budget bill ; Detainee sent to Saudi Arabia; in Trump's 1st Gitmo transfer; Pope,Orlando Sentinel,03 May 2018: A.6.,"캘리포니아에서 아리즈와 관련된 대장균 발병으로 사망한 사례가 보고되었습니다. 상추; ; 메모: 프루이트 집주인의 배우자가 고객을 위해 EPA 패널 일자리를 구했습니다. 애리조나 교사들은 의원들이 예산안을 검토하는 동안 자리를 비울 수 있습니다. 구금자는 사우디아라비아로 보내졌고, 트럼프의 첫 번째 기트모 이송에서; 교황"
"Algerian military plane crashes shortly after takeoff, killing 257; NEWS BRIEFING; Staff and news services; Pope admits he made 'grave errors' in Chile sex abuse case; Yemeni rebels' missiles, drones target Saudi capital and south; Report vividly",Capital,Annapolis. 12 Apr 2018: A.11.,"알제리 군용기 이륙 직후 추락해 257명 사망, 뉴스 브리핑, 직원 및 뉴스 서비스; 교황, 칠레 성학대 사건에서 '심각한 실수' 인정, 예멘 반군의 미사일, 드론이 사우디 수도와 남부를 겨냥하다; 생생하게 보도"
Calif. death reported in E. coli outbreak tied to Ariz. lettuce; NEWS BRIEFING; Staff and news services; Memo: Pruitt landlord's spouse sought EPA panel job for client ; Arizona teachers may stay out as lawmakers mull budget bill ; Detainee sent to Saudi,South Florida Sun - Sentinel,03 May 2018: A.3.,캘리포니아에서 아리즈와 관련된 대장균 발병으로 사망한 사례가 보고되었습니다. 상추; 뉴스 브리핑; 직원 및 뉴스 서비스; 메모: 프루이트 집주인의 배우자가 고객을 위해 EPA 패널 일자리를 구했습니다; 애리조나 교사들은 의원들이 예산 법안을 검토하는 동안 자리를 비울 수 있습니다; 사우디로 파견된 수감자
Trump's Yemen policy survives Senate's veto override bid; St. Lucia quarantines ; cruise ship after measles case; Colorado Sen. Bennet enters Democratic presidential race; British cyber expert pleads guilty to creating malware; India prepares for,Morning Call,03 May 2019: A.9.,"트럼프의 예멘 정책은 상원의 거부권 무효화 입찰에서 살아남았습니다; 세인트. 루시아 격리; 홍역 환자 발생 후 크루즈선; 콜로라도 상원의원. 베넷, 민주당 대선 경선에 뛰어들다; 영국 사이버 전문가, 멀웨어 제작에 대한 유죄 인정; 인도는 다음을 준비합니다"
"Press Secretary Spicer's blunder hard to believe; Secretary Spicer owns up ; to mistakes, unlike Trump; Commissioners, honk if you hear our parking concerns; Local officials right to heed climate change warnings; Stroke Registry bill will help",South Florida Sun - Sentinel,13 Apr 2017: A.7.,스파이서 장관의 실수는 믿기 어렵습니다; 스파이서 장관은 트럼프와 달리 실수를 인정합니다; 위원들은 주차 문제를 들었는지 경적을 울립니다; 지역 공무원들은 기후 변화 경고에 귀 기울일 권리가 있습니다; 뇌졸중 등록 법안이 도움이 될 것입니다
Trump's Yemen policy survives Senate's veto override bid; NEWS BRIEFING; Staff and news services; St. Lucia quarantines cruise ship after measles case; Colorado Sen. Bennet enters Democratic presidential race; British cyber expert pleads guilty to,South Florida Sun - Sentinel,03 May 2019: A.3.,"트럼프의 예멘 정책은 상원의 거부권 무효화 입찰에서 살아남았습니다. 뉴스 브리핑; 직원 및 뉴스 서비스; 세인트. 루시아, 홍역 환자 발생 후 크루즈선 격리; 콜로라도 상원의원. 베넷, 민주당 대선 경선에 뛰어들다; 영국 사이버 전문가, 유죄 인정"
Secret FBI demands for data go beyond tech companies NEWS BRIEFING Staff and news services Judge: Trump must give video deposition in protesters' suit New York Mayor Bill de Blasio drops 2020 presidential bid Trial ordered for Marine and SEAL,The Baltimore Sun,21 Sep 2019: A.5.,"비밀 FBI의 데이터 요구는 기술 기업 뉴스 브리핑 직원 및 뉴스 서비스 판사를 넘어선다: 트럼프는 시위대의 소송에 비디오 증언을 해야 합니다. 빌 드 블라시오 뉴욕 시장, 해병대 및 특수부대에 대한 2020년 대선 입찰 재판 명령 철회"
